,TimeStamp,SNR,RAT
0,1622203049.709,18.65,LTE
1,1622203049.729,18.6,LTE
2,1622203049.749,19.6,LTE
3,1622203049.769,17.8,LTE
4,1622203049.789,16.8,LTE
5,1622203049.809,16.75,LTE
6,1622203049.829,18.200000000000003,LTE
7,1622203049.849,13.399999999999999,LTE
8,1622203049.869,17.65,LTE
9,1622203049.889,17.9,LTE
10,1622203049.909,17.1,LTE
11,1622203049.929,15.6,LTE
12,1622203049.936,16.75,LTE
13,1622203049.946,18.85,LTE
14,1622203049.956,16.950000000000003,LTE
15,1622203049.966,16.35,LTE
16,1622203049.976,16.95,LTE
17,1622203049.986,16.05,LTE
18,1622203049.996,16.45,LTE
19,1622203050.006,16.2,LTE
20,1622203050.016,17.55,LTE
21,1622203050.026,18.6,LTE
22,1622203050.036,17.049999999999997,LTE
23,1622203050.046,16.2,LTE
24,1622203050.056,16.05,LTE
25,1622203050.066,14.850000000000001,LTE
26,1622203050.076,13.75,LTE
27,1622203050.086,13.1,LTE
28,1622203050.096,13.2,LTE
29,1622203050.106,12.6,LTE
30,1622203050.116,12.100000000000001,LTE
31,1622203050.126,12.25,LTE
32,1622203050.137,11.9,LTE
33,1622203050.146,11.100000000000001,LTE
34,1622203050.156,12.850000000000001,LTE
35,1622203050.166,12.5,LTE
36,1622203050.176,12.850000000000001,LTE
37,1622203050.186,12.55,LTE
38,1622203050.196,11.149999999999999,LTE
39,1622203050.206,11.15,LTE
40,1622203050.216,11.8,LTE
41,1622203050.226,12.3,LTE
42,1622203050.236,15.0,LTE
43,1622203050.246,14.9,LTE
44,1622203050.256,14.5,LTE
45,1622203050.266,12.55,LTE
46,1622203050.276,12.85,LTE
47,1622203050.286,15.2,LTE
48,1622203050.296,15.85,LTE
49,1622203050.306,14.05,LTE
50,1622203050.316,15.850000000000001,LTE
51,1622203050.326,16.700000000000003,LTE
52,1622203050.336,17.1,LTE
53,1622203050.346,11.6,LTE
54,1622203050.356,16.65,LTE
55,1622203050.366,17.05,LTE
56,1622203050.376,16.1,LTE
57,1622203050.386,16.7,LTE
58,1622203050.396,13.45,LTE
59,1622203050.406,15.350000000000001,LTE
60,1622203050.416,15.45,LTE
61,1622203050.426,13.5,LTE
62,1622203050.436,12.35,LTE
63,1622203050.446,14.4,LTE
64,1622203050.456,14.95,LTE
65,1622203050.466,16.0,LTE
66,1622203050.476,16.1,LTE
67,1622203050.486,15.05,LTE
68,1622203050.496,15.75,LTE
69,1622203050.506,15.25,LTE
70,1622203050.516,14.95,LTE
71,1622203050.526,14.75,LTE
72,1622203050.536,14.15,LTE
73,1622203050.546,14.15,LTE
74,1622203050.556,15.95,LTE
75,1622203050.566,16.7,LTE
76,1622203050.576,15.1,LTE
77,1622203050.586,16.75,LTE
78,1622203050.596,17.35,LTE
79,1622203050.606,15.9,LTE
80,1622203050.616,16.65,LTE
81,1622203050.626,14.7,LTE
82,1622203050.636,15.85,LTE
83,1622203050.646,14.65,LTE
84,1622203050.656,15.15,LTE
85,1622203050.666,13.75,LTE
86,1622203050.676,16.75,LTE
87,1622203050.686,16.05,LTE
88,1622203050.697,17.7,LTE
89,1622203050.706,15.85,LTE
90,1622203050.716,15.75,LTE
91,1622203050.726,15.0,LTE
92,1622203050.736,14.5,LTE
93,1622203050.746,15.25,LTE
94,1622203050.756,16.950000000000003,LTE
95,1622203050.766,17.15,LTE
96,1622203050.776,17.2,LTE
97,1622203050.786,16.65,LTE
98,1622203050.796,15.45,LTE
99,1622203050.806,15.05,LTE
100,1622203050.816,13.25,LTE
101,1622203050.826,11.5,LTE
102,1622203050.836,12.0,LTE
103,1622203050.846,11.899999999999999,LTE
104,1622203050.856,12.350000000000001,LTE
105,1622203050.866,12.25,LTE
106,1622203050.876,12.15,LTE
107,1622203050.886,12.0,LTE
108,1622203050.896,10.8,LTE
109,1622203050.906,9.8,LTE
110,1622203050.916,9.5,LTE
111,1622203050.926,10.1,LTE
112,1622203050.936,9.95,LTE
113,1622203050.946,11.4,LTE
114,1622203050.956,9.85,LTE
115,1622203050.966,8.55,LTE
116,1622203050.976,6.800000000000001,LTE
117,1622203050.986,6.5,LTE
118,1622203050.996,7.65,LTE
119,1622203051.006,8.85,LTE
120,1622203051.016,8.35,LTE
121,1622203051.026,9.65,LTE
122,1622203051.036,8.9,LTE
123,1622203051.046,8.899999999999999,LTE
124,1622203051.056,8.4,LTE
125,1622203051.066,9.8,LTE
126,1622203051.076,10.35,LTE
127,1622203051.086,10.55,LTE
128,1622203051.096,9.85,LTE
129,1622203051.106,9.55,LTE
130,1622203051.116,9.25,LTE
131,1622203051.126,9.25,LTE
132,1622203051.136,8.45,LTE
133,1622203051.146,8.0,LTE
134,1622203051.156,8.25,LTE
135,1622203051.166,8.45,LTE
136,1622203051.176,9.0,LTE
137,1622203051.186,10.25,LTE
138,1622203051.196,10.9,LTE
139,1622203051.206,10.4,LTE
140,1622203051.216,11.0,LTE
141,1622203051.226,13.0,LTE
142,1622203051.236,13.8,LTE
143,1622203051.246,12.9,LTE
144,1622203051.256,10.45,LTE
145,1622203051.266,10.9,LTE
146,1622203051.276,9.9,LTE
147,1622203051.286,10.85,LTE
148,1622203051.297,11.5,LTE
149,1622203051.306,13.25,LTE
150,1622203051.316,10.2,LTE
151,1622203051.326,9.7,LTE
152,1622203051.336,14.35,LTE
153,1622203051.346,15.0,LTE
154,1622203051.356,13.7,LTE
155,1622203051.366,14.600000000000001,LTE
156,1622203051.376,15.350000000000001,LTE
157,1622203051.386,14.55,LTE
158,1622203051.396,11.9,LTE
159,1622203051.406,11.9,LTE
160,1622203051.416,13.05,LTE
161,1622203051.426,13.05,LTE
162,1622203051.436,14.85,LTE
163,1622203051.446,15.1,LTE
164,1622203051.456,12.2,LTE
165,1622203051.466,11.75,LTE
166,1622203051.476,11.75,LTE
167,1622203051.486,11.25,LTE
168,1622203051.496,8.2,LTE
169,1622203051.506,8.55,LTE
170,1622203051.516,10.65,LTE
171,1622203051.526,10.5,LTE
172,1622203051.536,9.8,LTE
173,1622203051.546,10.399999999999999,LTE
174,1622203051.556,10.8,LTE
175,1622203051.566,12.4,LTE
176,1622203051.576,10.25,LTE
177,1622203051.586,11.3,LTE
178,1622203051.596,11.25,LTE
179,1622203051.606,12.4,LTE
180,1622203051.616,10.45,LTE
181,1622203051.626,11.75,LTE
182,1622203051.636,11.5,LTE
183,1622203051.646,12.899999999999999,LTE
184,1622203051.656,10.75,LTE
185,1622203051.666,10.600000000000001,LTE
186,1622203051.676,9.55,LTE
187,1622203051.686,11.75,LTE
188,1622203051.696,10.100000000000001,LTE
189,1622203051.706,9.95,LTE
190,1622203051.716,12.25,LTE
191,1622203051.726,12.55,LTE
192,1622203051.736,11.7,LTE
193,1622203051.746,13.1,LTE
194,1622203051.756,12.55,LTE
195,1622203051.766,14.2,LTE
196,1622203051.776,12.55,LTE
197,1622203051.786,12.95,LTE
198,1622203051.796,14.35,LTE
199,1622203051.806,15.4,LTE
200,1622203051.816,14.65,LTE
201,1622203051.826,15.8,LTE
202,1622203051.836,14.600000000000001,LTE
203,1622203051.846,16.7,LTE
204,1622203051.856,16.25,LTE
205,1622203051.866,16.950000000000003,LTE
206,1622203051.876,15.95,LTE
207,1622203051.886,16.8,LTE
208,1622203051.897,19.0,LTE
209,1622203051.906,20.85,LTE
210,1622203051.916,18.0,LTE
211,1622203051.926,17.950000000000003,LTE
212,1622203051.936,18.9,LTE
213,1622203051.966,18.55,LTE
214,1622203051.976,17.875,LTE
215,1622203051.986,20.1,LTE
216,1622203051.996,18.9,LTE
217,1622203052.019,21.55,LTE
218,1622203052.026,21.924999999999997,LTE
219,1622203052.036,17.55,LTE
220,1622203052.046,16.7,LTE
221,1622203052.056,19.525,LTE
222,1622203052.066,21.6,LTE
223,1622203052.076,18.6,LTE
224,1622203052.099,21.15,LTE
225,1622203052.12,19.5,LTE
226,1622203052.139,22.15,LTE
227,1622203052.159,19.925,LTE
228,1622203052.166,19.575000000000003,LTE
229,1622203052.177,21.7,LTE
230,1622203052.187,19.55,LTE
231,1622203052.209,23.0,LTE
232,1622203052.229,20.549999999999997,LTE
233,1622203052.249,23.5,LTE
234,1622203052.269,20.4,LTE
235,1622203052.289,18.9,LTE
236,1622203052.309,21.0,LTE
237,1622203052.329,18.1,LTE
238,1622203052.349,18.15,LTE
239,1622203052.369,18.4,LTE
240,1622203052.389,20.65,LTE
241,1622203052.409,19.0,LTE
242,1622203052.43,21.25,LTE
243,1622203052.449,20.15,LTE
244,1622203052.469,20.95,LTE
245,1622203052.499,22.8,LTE
246,1622203052.529,19.549999999999997,LTE
247,1622203052.549,20.85,LTE
248,1622203052.569,20.0,LTE
249,1622203052.589,20.450000000000003,LTE
250,1622203052.696,19.200000000000003,LTE
251,1622203052.706,21.75,LTE
252,1622203052.716,17.5,LTE
253,1622203052.726,18.8,LTE
254,1622203052.736,19.4,LTE
255,1622203052.746,21.5,LTE
256,1622203052.756,17.3,LTE
257,1622203052.766,17.75,LTE
258,1622203052.777,21.15,LTE
259,1622203052.786,19.95,LTE
260,1622203052.796,16.299999999999997,LTE
261,1622203052.806,19.5,LTE
262,1622203052.816,19.15,LTE
263,1622203052.826,21.85,LTE
264,1622203052.836,17.85,LTE
265,1622203052.846,18.65,LTE
266,1622203052.856,20.65,LTE
267,1622203052.866,21.85,LTE
268,1622203052.876,19.9,LTE
269,1622203052.886,18.85,LTE
270,1622203052.896,20.450000000000003,LTE
271,1622203052.906,21.1,LTE
272,1622203052.916,19.3,LTE
273,1622203052.926,19.75,LTE
274,1622203052.936,20.85,LTE
275,1622203052.946,22.75,LTE
276,1622203052.956,19.7,LTE
277,1622203052.966,19.85,LTE
278,1622203052.977,20.2,LTE
279,1622203052.986,22.85,LTE
280,1622203052.996,20.049999999999997,LTE
281,1622203053.006,20.1,LTE
282,1622203053.016,19.55,LTE
283,1622203053.026,20.5,LTE
284,1622203053.036,18.55,LTE
285,1622203053.046,18.5,LTE
286,1622203053.056,18.799999999999997,LTE
287,1622203053.066,19.1,LTE
288,1622203053.076,17.9,LTE
289,1622203053.086,18.45,LTE
290,1622203053.096,17.9,LTE
291,1622203053.106,15.4,LTE
292,1622203053.116,17.3,LTE
293,1622203053.126,17.1,LTE
294,1622203053.136,17.55,LTE
295,1622203053.146,18.950000000000003,LTE
296,1622203053.156,18.75,LTE
297,1622203053.166,17.700000000000003,LTE
298,1622203053.177,18.1,LTE
299,1622203053.186,18.049999999999997,LTE
300,1622203053.196,18.4,LTE
301,1622203053.206,18.85,LTE
302,1622203053.216,19.200000000000003,LTE
303,1622203053.226,18.85,LTE
304,1622203053.236,19.3,LTE
305,1622203053.246,18.8,LTE
306,1622203053.256,18.700000000000003,LTE
307,1622203053.266,17.55,LTE
308,1622203053.276,17.7,LTE
309,1622203053.286,18.0,LTE
310,1622203053.296,17.8,LTE
311,1622203053.306,18.049999999999997,LTE
312,1622203053.316,17.75,LTE
313,1622203053.326,19.4,LTE
314,1622203053.336,18.3,LTE
315,1622203053.346,17.85,LTE
316,1622203053.356,17.2,LTE
317,1622203053.366,17.25,LTE
318,1622203053.377,16.7,LTE
319,1622203053.386,17.35,LTE
320,1622203053.396,13.7,LTE
321,1622203053.406,14.2,LTE
322,1622203053.416,17.1,LTE
323,1622203053.426,18.1,LTE
324,1622203053.436,18.05,LTE
325,1622203053.446,18.200000000000003,LTE
326,1622203053.456,18.5,LTE
327,1622203053.466,18.2,LTE
328,1622203053.476,17.9,LTE
329,1622203053.486,18.200000000000003,LTE
330,1622203053.496,19.65,LTE
331,1622203053.506,18.35,LTE
332,1622203053.516,18.55,LTE
333,1622203053.526,18.65,LTE
334,1622203053.536,18.4,LTE
335,1622203053.546,18.799999999999997,LTE
336,1622203053.556,18.8,LTE
337,1622203053.566,19.75,LTE
338,1622203053.576,19.85,LTE
339,1622203053.586,18.950000000000003,LTE
340,1622203053.596,19.85,LTE
341,1622203053.606,19.549999999999997,LTE
342,1622203053.616,19.049999999999997,LTE
343,1622203053.626,18.45,LTE
344,1622203053.636,19.4,LTE
345,1622203053.646,19.25,LTE
346,1622203053.656,19.299999999999997,LTE
347,1622203053.666,18.9,LTE
348,1622203053.676,18.8,LTE
349,1622203053.686,19.6,LTE
350,1622203053.696,19.55,LTE
351,1622203053.706,19.75,LTE
352,1622203053.716,18.85,LTE
353,1622203053.726,18.45,LTE
354,1622203053.736,18.75,LTE
355,1622203053.746,18.6,LTE
356,1622203053.756,18.4,LTE
357,1622203053.766,18.8,LTE
358,1622203053.777,18.35,LTE
359,1622203053.786,20.25,LTE
360,1622203053.796,19.7,LTE
361,1622203053.806,16.700000000000003,LTE
362,1622203053.816,16.0,LTE
363,1622203053.826,17.4,LTE
364,1622203053.836,16.6,LTE
365,1622203053.846,16.25,LTE
366,1622203053.856,16.450000000000003,LTE
367,1622203053.866,15.8,LTE
368,1622203053.876,16.85,LTE
369,1622203053.886,15.8,LTE
370,1622203053.896,15.8,LTE
371,1622203053.906,15.3,LTE
372,1622203053.916,16.1,LTE
373,1622203053.926,15.55,LTE
374,1622203053.936,15.7,LTE
375,1622203053.946,14.600000000000001,LTE
376,1622203053.956,15.25,LTE
377,1622203053.966,15.3,LTE
378,1622203053.976,15.5,LTE
379,1622203053.986,14.85,LTE
380,1622203053.996,14.95,LTE
381,1622203054.006,16.0,LTE
382,1622203054.016,15.75,LTE
383,1622203054.026,15.4,LTE
384,1622203054.036,16.1,LTE
385,1622203054.046,15.95,LTE
386,1622203054.056,15.8,LTE
387,1622203054.066,16.1,LTE
388,1622203054.076,16.4,LTE
389,1622203054.086,16.1,LTE
390,1622203054.096,16.5,LTE
391,1622203054.106,14.7,LTE
392,1622203054.116,13.15,LTE
393,1622203054.126,15.399999999999999,LTE
394,1622203054.136,12.85,LTE
395,1622203054.146,11.899999999999999,LTE
396,1622203054.156,12.0,LTE
397,1622203054.166,12.8,LTE
398,1622203054.176,11.850000000000001,LTE
399,1622203054.186,12.6,LTE
400,1622203054.196,13.25,LTE
401,1622203054.206,12.100000000000001,LTE
402,1622203054.216,12.45,LTE
403,1622203054.226,12.5,LTE
404,1622203054.236,12.6,LTE
405,1622203054.246,12.05,LTE
406,1622203054.256,11.85,LTE
407,1622203054.266,13.15,LTE
408,1622203054.276,12.95,LTE
409,1622203054.286,11.9,LTE
410,1622203054.296,13.15,LTE
411,1622203054.306,13.149999999999999,LTE
412,1622203054.316,12.75,LTE
413,1622203054.326,13.7,LTE
414,1622203054.336,14.2,LTE
415,1622203054.346,13.45,LTE
416,1622203054.356,14.15,LTE
417,1622203054.366,13.950000000000001,LTE
418,1622203054.377,13.5,LTE
419,1622203054.386,13.5,LTE
420,1622203054.396,13.7,LTE
421,1622203054.406,12.5,LTE
422,1622203054.416,13.649999999999999,LTE
423,1622203054.426,14.350000000000001,LTE
424,1622203054.436,15.600000000000001,LTE
425,1622203054.446,14.399999999999999,LTE
426,1622203054.456,14.4,LTE
427,1622203054.466,14.25,LTE
428,1622203054.476,14.25,LTE
429,1622203054.486,15.0,LTE
430,1622203054.496,14.65,LTE
431,1622203054.506,14.55,LTE
432,1622203054.516,15.15,LTE
433,1622203054.526,13.05,LTE
434,1622203054.536,15.05,LTE
435,1622203054.546,11.9,LTE
436,1622203054.556,14.299999999999999,LTE
437,1622203054.566,13.7,LTE
438,1622203054.586,15.374999999999998,LTE
439,1622203054.596,13.325,LTE
440,1622203054.606,16.025,LTE
441,1622203054.617,17.275000000000002,LTE
442,1622203054.626,13.975,LTE
443,1622203054.656,17.975,LTE
444,1622203054.666,17.4,LTE
445,1622203054.676,16.0,LTE
446,1622203054.686,18.8,LTE
447,1622203054.696,19.25,LTE
448,1622203054.706,18.275,LTE
449,1622203054.716,19.225,LTE
450,1622203054.726,18.825,LTE
451,1622203054.736,18.6,LTE
452,1622203054.746,18.15,LTE
453,1622203054.756,17.7,LTE
454,1622203054.766,17.25,LTE
455,1622203054.776,18.075,LTE
456,1622203054.786,18.1,LTE
457,1622203054.796,19.799999999999997,LTE
458,1622203054.806,19.125,LTE
459,1622203054.826,18.2,LTE
460,1622203054.836,18.3,LTE
461,1622203054.846,18.5,LTE
462,1622203054.856,17.95,LTE
463,1622203054.866,15.55,LTE
464,1622203054.876,16.1,LTE
465,1622203054.886,13.75,LTE
466,1622203054.896,18.4,LTE
467,1622203054.906,19.200000000000003,LTE
468,1622203054.916,19.15,LTE
469,1622203054.926,16.4,LTE
470,1622203054.936,17.45,LTE
471,1622203054.946,17.799999999999997,LTE
472,1622203054.956,17.75,LTE
473,1622203054.966,18.8,LTE
474,1622203054.976,16.95,LTE
475,1622203054.986,16.0,LTE
476,1622203054.996,17.35,LTE
477,1622203055.006,15.6,LTE
478,1622203055.016,17.6,LTE
479,1622203055.026,15.700000000000001,LTE
480,1622203055.036,14.15,LTE
481,1622203055.046,15.85,LTE
482,1622203055.057,16.35,LTE
483,1622203055.066,15.95,LTE
484,1622203055.076,16.75,LTE
485,1622203055.086,16.6,LTE
486,1622203055.096,15.15,LTE
487,1622203055.106,17.45,LTE
488,1622203055.116,17.65,LTE
489,1622203055.126,17.25,LTE
490,1622203055.136,17.25,LTE
491,1622203055.146,15.05,LTE
492,1622203055.156,15.100000000000001,LTE
493,1622203055.166,15.5,LTE
494,1622203055.176,16.9,LTE
495,1622203055.186,17.05,LTE
496,1622203055.196,18.1,LTE
497,1622203055.206,18.8,LTE
498,1622203055.216,18.4,LTE
499,1622203055.226,18.4,LTE
500,1622203055.236,17.15,LTE
501,1622203055.246,19.05,LTE
502,1622203055.257,18.9,LTE
503,1622203055.266,18.7,LTE
504,1622203055.276,18.75,LTE
505,1622203055.286,17.85,LTE
506,1622203055.296,18.25,LTE
507,1622203055.306,17.9,LTE
508,1622203055.316,17.85,LTE
509,1622203055.326,19.1,LTE
510,1622203055.336,19.4,LTE
511,1622203055.346,18.6,LTE
512,1622203055.356,19.700000000000003,LTE
513,1622203055.366,20.05,LTE
514,1622203055.376,17.85,LTE
515,1622203055.386,19.25,LTE
516,1622203055.396,17.8,LTE
517,1622203055.406,16.3,LTE
518,1622203055.416,18.85,LTE
519,1622203055.426,18.05,LTE
520,1622203055.436,15.649999999999999,LTE
521,1622203055.446,19.25,LTE
522,1622203055.457,13.95,LTE
523,1622203055.466,19.05,LTE
524,1622203055.476,19.5,LTE
525,1622203055.486,18.35,LTE
526,1622203055.496,19.1,LTE
527,1622203055.506,19.75,LTE
528,1622203055.516,18.35,LTE
529,1622203055.526,18.25,LTE
530,1622203055.536,19.6,LTE
531,1622203055.546,19.05,LTE
532,1622203055.556,19.85,LTE
533,1622203055.566,19.3,LTE
534,1622203055.576,17.95,LTE
535,1622203055.586,17.549999999999997,LTE
536,1622203055.596,18.85,LTE
537,1622203055.606,18.4,LTE
538,1622203055.616,14.649999999999999,LTE
539,1622203055.626,17.9,LTE
540,1622203055.636,18.6,LTE
541,1622203055.646,19.55,LTE
542,1622203055.657,20.95,LTE
543,1622203055.666,21.2,LTE
544,1622203055.676,20.35,LTE
545,1622203055.686,19.25,LTE
546,1622203055.696,20.55,LTE
547,1622203055.706,20.05,LTE
548,1622203055.716,20.45,LTE
549,1622203055.726,19.0,LTE
550,1622203055.736,19.6,LTE
551,1622203055.746,18.55,LTE
552,1622203055.756,18.05,LTE
553,1622203055.766,17.450000000000003,LTE
554,1622203055.776,17.65,LTE
555,1622203055.786,16.25,LTE
556,1622203055.796,16.1,LTE
557,1622203055.806,17.9,LTE
558,1622203055.816,18.5,LTE
559,1622203055.826,18.85,LTE
560,1622203055.836,20.049999999999997,LTE
561,1622203055.846,20.25,LTE
562,1622203055.857,19.85,LTE
563,1622203055.866,19.15,LTE
564,1622203055.876,19.75,LTE
565,1622203055.886,19.299999999999997,LTE
566,1622203055.896,19.450000000000003,LTE
567,1622203055.906,19.25,LTE
568,1622203055.916,19.15,LTE
569,1622203055.926,17.0,LTE
570,1622203055.936,17.200000000000003,LTE
571,1622203055.946,17.05,LTE
572,1622203055.956,15.0,LTE
573,1622203055.966,14.1,LTE
574,1622203055.976,15.3,LTE
575,1622203055.986,14.4,LTE
576,1622203055.996,13.7,LTE
577,1622203056.006,13.05,LTE
578,1622203056.016,13.0,LTE
579,1622203056.026,13.950000000000001,LTE
580,1622203056.036,14.25,LTE
581,1622203056.046,14.75,LTE
582,1622203056.057,15.45,LTE
583,1622203056.066,14.850000000000001,LTE
584,1622203056.076,15.1,LTE
585,1622203056.086,15.600000000000001,LTE
586,1622203056.096,16.05,LTE
587,1622203056.106,15.65,LTE
588,1622203056.116,15.600000000000001,LTE
589,1622203056.126,15.0,LTE
590,1622203056.136,15.55,LTE
591,1622203056.146,15.4,LTE
592,1622203056.156,15.600000000000001,LTE
593,1622203056.166,15.45,LTE
594,1622203056.176,16.05,LTE
595,1622203056.186,15.5,LTE
596,1622203056.196,15.85,LTE
597,1622203056.206,16.4,LTE
598,1622203056.216,18.5,LTE
599,1622203056.226,16.95,LTE
600,1622203056.236,16.9,LTE
601,1622203056.246,13.05,LTE
602,1622203056.257,15.45,LTE
603,1622203056.266,15.1,LTE
604,1622203056.276,15.8,LTE
605,1622203056.286,16.15,LTE
606,1622203056.296,15.1,LTE
607,1622203056.306,14.6,LTE
608,1622203056.316,14.950000000000001,LTE
609,1622203056.326,15.0,LTE
610,1622203056.336,14.55,LTE
611,1622203056.346,13.55,LTE
612,1622203056.356,12.55,LTE
613,1622203056.366,15.05,LTE
614,1622203056.376,13.9,LTE
615,1622203056.386,15.1,LTE
616,1622203056.396,15.450000000000001,LTE
617,1622203056.406,16.1,LTE
618,1622203056.416,16.2,LTE
619,1622203056.426,13.8,LTE
620,1622203056.436,13.0,LTE
621,1622203056.446,13.65,LTE
622,1622203056.457,14.0,LTE
623,1622203056.466,15.55,LTE
624,1622203056.476,14.75,LTE
625,1622203056.486,12.75,LTE
626,1622203056.496,15.2,LTE
627,1622203056.506,15.15,LTE
628,1622203056.516,15.25,LTE
629,1622203056.526,15.600000000000001,LTE
630,1622203056.536,17.85,LTE
631,1622203056.546,16.2,LTE
632,1622203056.556,17.25,LTE
633,1622203056.566,16.5,LTE
634,1622203056.576,14.25,LTE
635,1622203056.586,14.0,LTE
636,1622203056.596,17.049999999999997,LTE
637,1622203056.606,15.399999999999999,LTE
638,1622203056.616,15.0,LTE
639,1622203056.626,15.2,LTE
640,1622203056.636,15.95,LTE
641,1622203056.646,15.55,LTE
642,1622203056.657,15.35,LTE
643,1622203056.666,14.850000000000001,LTE
644,1622203056.676,14.55,LTE
645,1622203056.686,15.850000000000001,LTE
646,1622203056.696,13.95,LTE
647,1622203056.706,13.7,LTE
648,1622203056.716,14.649999999999999,LTE
649,1622203056.726,17.15,LTE
650,1622203056.737,15.55,LTE
651,1622203056.746,14.65,LTE
652,1622203056.756,14.4,LTE
653,1622203056.766,17.4,LTE
654,1622203056.776,15.6,LTE
655,1622203056.786,15.2,LTE
656,1622203056.796,16.450000000000003,LTE
657,1622203056.806,17.0,LTE
658,1622203056.816,14.05,LTE
659,1622203056.826,13.6,LTE
660,1622203056.836,15.65,LTE
661,1622203056.846,15.55,LTE
662,1622203056.857,10.600000000000001,LTE
663,1622203056.866,13.3,LTE
664,1622203056.876,11.8,LTE
665,1622203056.886,15.899999999999999,LTE
666,1622203056.896,13.649999999999999,LTE
667,1622203056.906,12.5,LTE
668,1622203056.916,12.8,LTE
669,1622203056.926,14.7,LTE
670,1622203056.936,12.100000000000001,LTE
671,1622203056.946,13.15,LTE
672,1622203056.956,15.25,LTE
673,1622203056.966,16.2,LTE
674,1622203056.976,16.200000000000003,LTE
675,1622203056.986,14.15,LTE
676,1622203056.996,13.8,LTE
677,1622203057.006,16.05,LTE
678,1622203057.016,13.95,LTE
679,1622203057.026,13.2,LTE
680,1622203057.036,16.4,LTE
681,1622203057.046,16.4,LTE
682,1622203057.056,13.7,LTE
683,1622203057.066,10.5,LTE
684,1622203057.076,13.6,LTE
685,1622203057.086,14.95,LTE
686,1622203057.096,12.3,LTE
687,1622203057.106,9.2,LTE
688,1622203057.116,14.899999999999999,LTE
689,1622203057.126,15.75,LTE
690,1622203057.136,13.850000000000001,LTE
691,1622203057.146,17.15,LTE
692,1622203057.156,15.100000000000001,LTE
693,1622203057.166,16.4,LTE
694,1622203057.176,14.850000000000001,LTE
695,1622203057.186,15.55,LTE
696,1622203057.196,12.55,LTE
697,1622203057.206,16.25,LTE
698,1622203057.216,11.2,LTE
699,1622203057.226,13.5,LTE
700,1622203057.236,15.55,LTE
701,1622203057.246,14.55,LTE
702,1622203057.256,13.85,LTE
703,1622203057.266,9.7,LTE
704,1622203057.276,12.6,LTE
705,1622203057.286,14.9,LTE
706,1622203057.296,15.25,LTE
707,1622203057.306,14.95,LTE
708,1622203057.316,13.5,LTE
709,1622203057.326,14.95,LTE
710,1622203057.336,13.0,LTE
711,1622203057.346,12.95,LTE
712,1622203057.356,13.9,LTE
713,1622203057.366,14.0,LTE
714,1622203057.376,12.3,LTE
715,1622203057.386,12.25,LTE
716,1622203057.396,11.8,LTE
717,1622203057.406,13.899999999999999,LTE
718,1622203057.416,11.85,LTE
719,1622203057.426,11.55,LTE
720,1622203057.436,10.75,LTE
721,1622203057.446,9.85,LTE
722,1622203057.457,10.95,LTE
723,1622203057.466,11.05,LTE
724,1622203057.476,13.600000000000001,LTE
725,1622203057.486,12.3,LTE
726,1622203057.496,12.8,LTE
727,1622203057.506,12.15,LTE
728,1622203057.516,12.55,LTE
729,1622203057.526,13.950000000000001,LTE
730,1622203057.536,12.35,LTE
731,1622203057.546,12.05,LTE
732,1622203057.556,14.799999999999999,LTE
733,1622203057.566,14.2,LTE
734,1622203057.576,11.35,LTE
735,1622203057.586,14.549999999999999,LTE
736,1622203057.596,13.2,LTE
737,1622203057.606,14.35,LTE
738,1622203057.616,12.3,LTE
739,1622203057.626,12.15,LTE
740,1622203057.636,11.65,LTE
741,1622203057.646,13.3,LTE
742,1622203057.657,13.95,LTE
743,1622203057.666,14.0,LTE
744,1622203057.676,15.600000000000001,LTE
745,1622203057.686,15.049999999999999,LTE
746,1622203057.696,11.850000000000001,LTE
747,1622203057.706,10.55,LTE
748,1622203057.716,11.95,LTE
749,1622203057.726,15.3,LTE
750,1622203057.736,12.5,LTE
751,1622203057.746,11.899999999999999,LTE
752,1622203057.756,11.850000000000001,LTE
753,1622203057.766,16.35,LTE
754,1622203057.776,13.4,LTE
755,1622203057.786,11.9,LTE
756,1622203057.796,14.75,LTE
757,1622203057.806,13.95,LTE
758,1622203057.816,13.35,LTE
759,1622203057.826,13.149999999999999,LTE
760,1622203057.836,14.8,LTE
761,1622203057.846,14.45,LTE
762,1622203057.857,15.25,LTE
763,1622203057.866,11.95,LTE
764,1622203057.876,14.35,LTE
765,1622203057.886,15.65,LTE
766,1622203057.896,13.75,LTE
767,1622203057.906,13.05,LTE
768,1622203057.916,13.9,LTE
769,1622203057.926,13.7,LTE
770,1622203057.936,13.45,LTE
771,1622203057.946,14.05,LTE
772,1622203057.956,14.149999999999999,LTE
773,1622203057.966,13.4,LTE
774,1622203057.976,13.0,LTE
775,1622203057.986,12.7,LTE
776,1622203057.996,14.2,LTE
777,1622203058.006,13.45,LTE
778,1622203058.016,15.35,LTE
779,1622203058.026,14.2,LTE
780,1622203058.036,14.45,LTE
781,1622203058.046,14.95,LTE
782,1622203058.057,15.05,LTE
783,1622203058.066,13.899999999999999,LTE
784,1622203058.076,15.0,LTE
785,1622203058.086,13.45,LTE
786,1622203058.096,14.2,LTE
787,1622203058.106,13.45,LTE
788,1622203058.116,14.2,LTE
789,1622203058.126,13.6,LTE
790,1622203058.136,14.5,LTE
791,1622203058.146,14.2,LTE
792,1622203058.156,15.9,LTE
793,1622203058.166,15.649999999999999,LTE
794,1622203058.176,15.600000000000001,LTE
795,1622203058.186,14.35,LTE
796,1622203058.196,15.850000000000001,LTE
797,1622203058.206,14.95,LTE
798,1622203058.216,15.35,LTE
799,1622203058.226,14.9,LTE
800,1622203058.236,16.75,LTE
801,1622203058.246,16.3,LTE
802,1622203058.257,16.549999999999997,LTE
803,1622203058.266,16.7,LTE
804,1622203058.276,15.850000000000001,LTE
805,1622203058.286,16.2,LTE
806,1622203058.296,15.7,LTE
807,1622203058.306,15.4,LTE
808,1622203058.316,15.7,LTE
809,1622203058.326,15.95,LTE
810,1622203058.336,13.45,LTE
811,1622203058.346,14.85,LTE
812,1622203058.356,15.5,LTE
813,1622203058.366,14.95,LTE
814,1622203058.376,15.600000000000001,LTE
815,1622203058.386,15.5,LTE
816,1622203058.396,15.95,LTE
817,1622203058.406,15.45,LTE
818,1622203058.416,14.55,LTE
819,1622203058.426,14.0,LTE
820,1622203058.436,14.55,LTE
821,1622203058.446,15.3,LTE
822,1622203058.456,16.0,LTE
823,1622203058.466,15.2,LTE
824,1622203058.476,14.9,LTE
825,1622203058.486,14.7,LTE
826,1622203058.496,15.05,LTE
827,1622203058.506,14.65,LTE
828,1622203058.516,13.3,LTE
829,1622203058.526,13.149999999999999,LTE
830,1622203058.536,13.85,LTE
831,1622203058.546,12.850000000000001,LTE
832,1622203058.556,12.7,LTE
833,1622203058.566,12.149999999999999,LTE
834,1622203058.576,13.399999999999999,LTE
835,1622203058.586,14.2,LTE
836,1622203058.596,14.55,LTE
837,1622203058.606,14.2,LTE
838,1622203058.616,15.2,LTE
839,1622203058.626,13.8,LTE
840,1622203058.636,12.95,LTE
841,1622203058.646,12.75,LTE
842,1622203058.657,13.2,LTE
843,1622203058.666,12.7,LTE
844,1622203058.676,12.85,LTE
845,1622203058.686,12.600000000000001,LTE
846,1622203058.696,14.7,LTE
847,1622203058.706,13.5,LTE
848,1622203058.716,15.149999999999999,LTE
849,1622203058.726,15.1,LTE
850,1622203058.736,14.75,LTE
851,1622203058.746,12.05,LTE
852,1622203058.756,13.5,LTE
853,1622203058.766,13.25,LTE
854,1622203058.776,13.35,LTE
855,1622203058.786,13.45,LTE
856,1622203058.796,14.8,LTE
857,1622203058.806,13.0,LTE
858,1622203058.816,13.25,LTE
859,1622203058.826,13.05,LTE
860,1622203058.836,12.25,LTE
861,1622203058.846,12.05,LTE
862,1622203058.857,13.65,LTE
863,1622203058.866,13.1,LTE
864,1622203058.876,13.25,LTE
865,1622203058.886,13.05,LTE
866,1622203058.896,12.4,LTE
867,1622203058.906,11.55,LTE
868,1622203058.916,10.649999999999999,LTE
869,1622203058.926,12.600000000000001,LTE
870,1622203058.936,14.3,LTE
871,1622203058.946,13.05,LTE
872,1622203058.956,13.85,LTE
873,1622203058.966,12.8,LTE
874,1622203058.976,11.850000000000001,LTE
875,1622203058.986,11.7,LTE
876,1622203058.996,12.45,LTE
877,1622203059.006,13.649999999999999,LTE
878,1622203059.016,13.9,LTE
879,1622203059.026,13.2,LTE
880,1622203059.036,14.1,LTE
881,1622203059.046,13.75,LTE
882,1622203059.057,13.95,LTE
883,1622203059.066,14.55,LTE
884,1622203059.076,13.4,LTE
885,1622203059.086,13.399999999999999,LTE
886,1622203059.096,12.2,LTE
887,1622203059.106,12.35,LTE
888,1622203059.116,12.75,LTE
889,1622203059.126,12.600000000000001,LTE
890,1622203059.136,12.1,LTE
891,1622203059.146,12.850000000000001,LTE
892,1622203059.156,13.75,LTE
893,1622203059.166,12.350000000000001,LTE
894,1622203059.176,13.3,LTE
895,1622203059.186,13.3,LTE
896,1622203059.196,13.899999999999999,LTE
897,1622203059.206,11.5,LTE
898,1622203059.216,13.35,LTE
899,1622203059.226,15.2,LTE
900,1622203059.236,14.9,LTE
901,1622203059.246,12.65,LTE
902,1622203059.257,10.95,LTE
903,1622203059.266,12.95,LTE
904,1622203059.276,11.55,LTE
905,1622203059.286,11.55,LTE
906,1622203059.296,13.3,LTE
907,1622203059.306,12.15,LTE
908,1622203059.316,14.2,LTE
909,1622203059.326,13.9,LTE
910,1622203059.336,14.15,LTE
911,1622203059.346,14.05,LTE
912,1622203059.356,14.649999999999999,LTE
913,1622203059.366,15.45,LTE
914,1622203059.376,16.4,LTE
915,1622203059.386,15.0,LTE
916,1622203059.396,12.05,LTE
917,1622203059.406,12.55,LTE
918,1622203059.416,13.2,LTE
919,1622203059.426,13.85,LTE
920,1622203059.436,13.75,LTE
921,1622203059.446,14.25,LTE
922,1622203059.457,15.75,LTE
923,1622203059.466,13.4,LTE
924,1622203059.476,13.75,LTE
925,1622203059.486,13.6,LTE
926,1622203059.496,13.5,LTE
927,1622203059.506,14.05,LTE
928,1622203059.516,12.35,LTE
929,1622203059.526,13.0,LTE
930,1622203059.536,11.399999999999999,LTE
931,1622203059.556,13.3,LTE
932,1622203059.566,16.650000000000002,LTE
933,1622203059.576,16.725,LTE
934,1622203059.586,14.7,LTE
935,1622203059.596,15.95,LTE
936,1622203059.626,15.649999999999999,LTE
937,1622203059.636,16.1,LTE
938,1622203059.646,15.950000000000001,LTE
939,1622203059.656,16.5,LTE
940,1622203059.666,16.4,LTE
941,1622203059.676,16.575,LTE
942,1622203059.686,16.325,LTE
943,1622203059.696,15.85,LTE
944,1622203059.706,16.15,LTE
945,1622203059.716,16.9,LTE
946,1622203059.726,15.175,LTE
947,1622203059.736,15.700000000000001,LTE
948,1622203059.746,14.7,LTE
949,1622203059.756,12.3,LTE
950,1622203059.766,14.7,LTE
951,1622203059.776,14.85,LTE
952,1622203059.796,16.05,LTE
953,1622203059.806,15.45,LTE
954,1622203059.816,15.75,LTE
955,1622203059.826,11.45,LTE
956,1622203059.836,13.55,LTE
957,1622203059.846,14.5,LTE
958,1622203059.857,15.05,LTE
959,1622203059.866,15.3,LTE
960,1622203059.876,15.0,LTE
961,1622203059.886,15.05,LTE
962,1622203059.896,15.5,LTE
963,1622203059.906,15.45,LTE
964,1622203059.916,16.35,LTE
965,1622203059.926,15.0,LTE
966,1622203059.936,16.0,LTE
967,1622203059.946,15.75,LTE
968,1622203059.956,16.0,LTE
969,1622203059.966,14.1,LTE
970,1622203059.976,15.65,LTE
971,1622203059.986,16.1,LTE
972,1622203059.996,17.05,LTE
973,1622203060.006,16.7,LTE
974,1622203060.016,17.35,LTE
975,1622203060.026,10.2,LTE
976,1622203060.036,16.8,LTE
977,1622203060.046,16.549999999999997,LTE
978,1622203060.057,16.05,LTE
979,1622203060.066,14.75,LTE
980,1622203060.076,12.5,LTE
981,1622203060.086,13.850000000000001,LTE
982,1622203060.096,13.95,LTE
983,1622203060.106,13.350000000000001,LTE
984,1622203060.116,14.600000000000001,LTE
985,1622203060.126,13.55,LTE
986,1622203060.136,14.0,LTE
987,1622203060.146,14.85,LTE
988,1622203060.156,15.5,LTE
989,1622203060.166,15.65,LTE
990,1622203060.176,16.8,LTE
991,1622203060.186,15.95,LTE
992,1622203060.196,15.899999999999999,LTE
993,1622203060.206,14.55,LTE
994,1622203060.216,17.15,LTE
995,1622203060.226,16.15,LTE
996,1622203060.236,16.3,LTE
997,1622203060.257,14.725000000000001,LTE
998,1622203060.266,14.599999999999998,LTE
999,1622203060.276,14.375,LTE
1000,1622203060.286,14.15,LTE
1001,1622203060.296,16.15,LTE
1002,1622203060.326,17.15,LTE
1003,1622203060.336,16.925,LTE
1004,1622203060.346,16.75,LTE
1005,1622203060.356,16.25,LTE
1006,1622203060.366,17.625,LTE
1007,1622203060.376,17.425,LTE
1008,1622203060.386,16.4,LTE
1009,1622203060.396,16.15,LTE
1010,1622203060.406,15.399999999999999,LTE
1011,1622203060.416,16.2,LTE
1012,1622203060.426,13.45,LTE
1013,1622203060.436,10.3,LTE
1014,1622203060.446,11.350000000000001,LTE
1015,1622203060.456,15.95,LTE
1016,1622203060.466,13.35,LTE
1017,1622203060.476,16.4,LTE
1018,1622203060.496,14.7,LTE
1019,1622203060.506,13.2,LTE
1020,1622203060.516,14.7,LTE
1021,1622203060.526,14.8,LTE
1022,1622203060.536,13.4,LTE
1023,1622203060.546,13.6,LTE
1024,1622203060.556,14.4,LTE
1025,1622203060.566,12.149999999999999,LTE
1026,1622203060.576,13.75,LTE
1027,1622203060.586,15.1,LTE
1028,1622203060.596,14.9,LTE
1029,1622203060.606,11.95,LTE
1030,1622203060.616,11.55,LTE
1031,1622203060.626,10.7,LTE
1032,1622203060.636,11.3,LTE
1033,1622203060.646,13.25,LTE
1034,1622203060.657,16.3,LTE
1035,1622203060.666,16.0,LTE
1036,1622203060.676,16.45,LTE
1037,1622203060.686,15.75,LTE
1038,1622203060.696,17.75,LTE
1039,1622203060.706,14.7,LTE
1040,1622203060.716,15.149999999999999,LTE
1041,1622203060.726,13.25,LTE
1042,1622203060.736,13.600000000000001,LTE
1043,1622203060.746,10.95,LTE
1044,1622203060.756,11.75,LTE
1045,1622203060.766,11.2,LTE
1046,1622203060.776,14.2,LTE
1047,1622203060.786,13.7,LTE
1048,1622203060.796,13.75,LTE
1049,1622203060.806,13.3,LTE
1050,1622203060.816,16.0,LTE
1051,1622203060.826,15.149999999999999,LTE
1052,1622203060.836,15.75,LTE
1053,1622203060.846,13.25,LTE
1054,1622203060.857,16.0,LTE
1055,1622203060.866,13.55,LTE
1056,1622203060.876,13.65,LTE
1057,1622203060.886,14.3,LTE
1058,1622203060.896,13.75,LTE
1059,1622203060.906,12.850000000000001,LTE
1060,1622203060.916,14.1,LTE
1061,1622203060.926,14.1,LTE
1062,1622203060.936,15.45,LTE
1063,1622203060.946,15.2,LTE
1064,1622203060.956,17.200000000000003,LTE
1065,1622203060.966,16.7,LTE
1066,1622203060.976,16.9,LTE
1067,1622203060.986,13.05,LTE
1068,1622203060.996,14.0,LTE
1069,1622203061.006,14.1,LTE
1070,1622203061.016,15.4,LTE
1071,1622203061.026,13.1,LTE
1072,1622203061.036,13.5,LTE
1073,1622203061.046,12.5,LTE
1074,1622203061.057,13.55,LTE
1075,1622203061.066,12.8,LTE
1076,1622203061.076,13.899999999999999,LTE
1077,1622203061.086,12.05,LTE
1078,1622203061.096,12.0,LTE
1079,1622203061.106,12.55,LTE
1080,1622203061.116,12.649999999999999,LTE
1081,1622203061.126,15.0,LTE
1082,1622203061.136,14.4,LTE
1083,1622203061.146,12.95,LTE
1084,1622203061.156,13.4,LTE
1085,1622203061.166,12.25,LTE
1086,1622203061.176,15.7,LTE
1087,1622203061.186,13.25,LTE
1088,1622203061.196,12.25,LTE
1089,1622203061.206,12.95,LTE
1090,1622203061.216,14.850000000000001,LTE
1091,1622203061.226,15.2,LTE
1092,1622203061.236,13.45,LTE
1093,1622203061.246,12.25,LTE
1094,1622203061.257,11.7,LTE
1095,1622203061.266,14.75,LTE
1096,1622203061.276,15.65,LTE
1097,1622203061.286,16.0,LTE
1098,1622203061.296,16.0,LTE
1099,1622203061.306,15.3,LTE
1100,1622203061.316,17.05,LTE
1101,1622203061.326,12.9,LTE
1102,1622203061.336,14.85,LTE
1103,1622203061.346,15.5,LTE
1104,1622203061.356,15.5,LTE
1105,1622203061.366,13.05,LTE
1106,1622203061.376,14.4,LTE
1107,1622203061.386,15.5,LTE
1108,1622203061.396,14.75,LTE
1109,1622203061.406,14.05,LTE
1110,1622203061.416,15.05,LTE
1111,1622203061.426,13.899999999999999,LTE
1112,1622203061.436,14.5,LTE
1113,1622203061.446,11.05,LTE
1114,1622203061.457,14.85,LTE
1115,1622203061.466,13.65,LTE
1116,1622203061.476,13.05,LTE
1117,1622203061.486,15.1,LTE
1118,1622203061.496,15.850000000000001,LTE
1119,1622203061.506,14.35,LTE
1120,1622203061.516,15.55,LTE
1121,1622203061.526,15.05,LTE
1122,1622203061.536,15.45,LTE
1123,1622203061.546,12.899999999999999,LTE
1124,1622203061.556,15.3,LTE
1125,1622203061.566,11.2,LTE
1126,1622203061.576,13.2,LTE
1127,1622203061.586,12.399999999999999,LTE
1128,1622203061.596,14.45,LTE
1129,1622203061.606,15.05,LTE
1130,1622203061.616,14.700000000000001,LTE
1131,1622203061.626,15.100000000000001,LTE
1132,1622203061.636,11.75,LTE
1133,1622203061.646,13.8,LTE
1134,1622203061.657,11.65,LTE
1135,1622203061.666,13.25,LTE
1136,1622203061.676,16.2,LTE
1137,1622203061.686,14.299999999999999,LTE
1138,1622203061.696,11.95,LTE
1139,1622203061.706,13.5,LTE
1140,1622203061.716,15.3,LTE
1141,1622203061.726,14.35,LTE
1142,1622203061.736,14.1,LTE
1143,1622203061.746,12.5,LTE
1144,1622203061.756,14.45,LTE
1145,1622203061.766,13.8,LTE
1146,1622203061.776,13.899999999999999,LTE
1147,1622203061.786,11.45,LTE
1148,1622203061.796,11.9,LTE
1149,1622203061.806,11.75,LTE
1150,1622203061.816,13.0,LTE
1151,1622203061.826,12.55,LTE
1152,1622203061.836,14.35,LTE
1153,1622203061.846,12.2,LTE
1154,1622203061.857,13.75,LTE
1155,1622203061.866,12.9,LTE
1156,1622203061.876,14.0,LTE
1157,1622203061.886,14.4,LTE
1158,1622203061.896,15.600000000000001,LTE
1159,1622203061.906,13.600000000000001,LTE
1160,1622203061.916,13.85,LTE
1161,1622203061.926,12.6,LTE
1162,1622203061.936,12.95,LTE
1163,1622203061.946,15.3,LTE
1164,1622203061.956,15.799999999999999,LTE
1165,1622203061.966,12.95,LTE
1166,1622203061.976,14.899999999999999,LTE
1167,1622203061.986,14.7,LTE
1168,1622203061.996,15.55,LTE
1169,1622203062.006,14.2,LTE
1170,1622203062.016,14.5,LTE
1171,1622203062.026,14.0,LTE
1172,1622203062.036,14.5,LTE
1173,1622203062.046,15.4,LTE
1174,1622203062.057,17.6,LTE
1175,1622203062.066,15.899999999999999,LTE
1176,1622203062.076,12.850000000000001,LTE
1177,1622203062.086,15.9,LTE
1178,1622203062.096,16.9,LTE
1179,1622203062.106,16.6,LTE
1180,1622203062.116,16.95,LTE
1181,1622203062.126,15.1,LTE
1182,1622203062.136,14.85,LTE
1183,1622203062.146,13.55,LTE
1184,1622203062.156,16.3,LTE
1185,1622203062.166,15.899999999999999,LTE
1186,1622203062.176,16.549999999999997,LTE
1187,1622203062.186,15.15,LTE
1188,1622203062.196,17.4,LTE
1189,1622203062.206,17.5,LTE
1190,1622203062.216,18.9,LTE
1191,1622203062.226,16.5,LTE
1192,1622203062.236,12.85,LTE
1193,1622203062.246,16.05,LTE
1194,1622203062.257,16.9,LTE
1195,1622203062.266,15.4,LTE
1196,1622203062.276,16.75,LTE
1197,1622203062.286,13.65,LTE
1198,1622203062.296,15.450000000000001,LTE
1199,1622203062.306,13.45,LTE
1200,1622203062.316,15.0,LTE
1201,1622203062.326,13.4,LTE
1202,1622203062.336,15.0,LTE
1203,1622203062.346,11.5,LTE
1204,1622203062.356,12.55,LTE
1205,1622203062.366,13.0,LTE
1206,1622203062.376,14.25,LTE
1207,1622203062.386,11.45,LTE
1208,1622203062.396,12.85,LTE
1209,1622203062.406,13.25,LTE
1210,1622203062.416,15.05,LTE
1211,1622203062.426,13.649999999999999,LTE
1212,1622203062.436,12.85,LTE
1213,1622203062.446,12.55,LTE
1214,1622203062.457,14.8,LTE
1215,1622203062.466,12.6,LTE
1216,1622203062.476,14.25,LTE
1217,1622203062.486,10.649999999999999,LTE
1218,1622203062.496,12.350000000000001,LTE
1219,1622203062.506,10.5,LTE
1220,1622203062.516,11.0,LTE
1221,1622203062.526,10.8,LTE
1222,1622203062.536,13.0,LTE
1223,1622203062.546,11.100000000000001,LTE
1224,1622203062.556,13.6,LTE
1225,1622203062.566,13.0,LTE
1226,1622203062.576,13.05,LTE
1227,1622203062.586,13.5,LTE
1228,1622203062.596,12.100000000000001,LTE
1229,1622203062.606,13.85,LTE
1230,1622203062.616,15.85,LTE
1231,1622203062.626,14.350000000000001,LTE
1232,1622203062.636,13.850000000000001,LTE
1233,1622203062.646,13.5,LTE
1234,1622203062.657,13.899999999999999,LTE
1235,1622203062.666,11.6,LTE
1236,1622203062.676,12.3,LTE
1237,1622203062.686,13.5,LTE
1238,1622203062.696,14.0,LTE
1239,1622203062.706,10.85,LTE
1240,1622203062.716,12.7,LTE
1241,1622203062.726,12.55,LTE
1242,1622203062.736,13.05,LTE
1243,1622203062.746,9.649999999999999,LTE
1244,1622203062.756,12.600000000000001,LTE
1245,1622203062.766,11.05,LTE
1246,1622203062.776,13.55,LTE
1247,1622203062.786,11.3,LTE
1248,1622203062.796,16.05,LTE
1249,1622203062.806,14.649999999999999,LTE
1250,1622203062.816,15.3,LTE
1251,1622203062.826,13.25,LTE
1252,1622203062.836,15.35,LTE
1253,1622203062.846,16.0,LTE
1254,1622203062.857,19.35,LTE
1255,1622203062.866,15.75,LTE
1256,1622203062.876,15.100000000000001,LTE
1257,1622203062.886,15.299999999999999,LTE
1258,1622203062.896,16.35,LTE
1259,1622203062.906,15.95,LTE
1260,1622203062.916,16.0,LTE
1261,1622203062.926,15.15,LTE
1262,1622203062.936,15.4,LTE
1263,1622203062.946,12.75,LTE
1264,1622203062.956,15.299999999999999,LTE
1265,1622203062.966,13.149999999999999,LTE
1266,1622203062.976,14.25,LTE
1267,1622203062.986,12.55,LTE
1268,1622203062.996,13.55,LTE
1269,1622203063.006,12.55,LTE
1270,1622203063.016,15.25,LTE
1271,1622203063.026,14.2,LTE
1272,1622203063.036,15.0,LTE
1273,1622203063.046,14.8,LTE
1274,1622203063.057,18.2,LTE
1275,1622203063.066,15.5,LTE
1276,1622203063.076,18.549999999999997,LTE
1277,1622203063.086,18.7,LTE
1278,1622203063.096,18.85,LTE
1279,1622203063.106,16.2,LTE
1280,1622203063.116,19.5,LTE
1281,1622203063.126,17.75,LTE
1282,1622203063.136,18.05,LTE
1283,1622203063.146,16.0,LTE
1284,1622203063.156,15.95,LTE
1285,1622203063.166,15.350000000000001,LTE
1286,1622203063.176,18.549999999999997,LTE
1287,1622203063.186,15.55,LTE
1288,1622203063.196,18.5,LTE
1289,1622203063.206,18.0,LTE
1290,1622203063.216,17.5,LTE
1291,1622203063.226,19.45,LTE
1292,1622203063.236,13.3,LTE
1293,1622203063.246,18.05,LTE
1294,1622203063.257,19.700000000000003,LTE
1295,1622203063.266,17.65,LTE
1296,1622203063.276,16.25,LTE
1297,1622203063.286,17.25,LTE
1298,1622203063.296,17.25,LTE
1299,1622203063.306,11.899999999999999,LTE
1300,1622203063.316,14.350000000000001,LTE
1301,1622203063.326,15.6,LTE
1302,1622203063.336,16.7,LTE
1303,1622203063.346,15.55,LTE
1304,1622203063.356,14.75,LTE
1305,1622203063.366,12.65,LTE
1306,1622203063.376,17.1,LTE
1307,1622203063.386,15.350000000000001,LTE
1308,1622203063.396,18.9,LTE
1309,1622203063.406,16.4,LTE
1310,1622203063.416,20.8,LTE
1311,1622203063.426,17.25,LTE
1312,1622203063.436,20.25,LTE
1313,1622203063.446,17.15,LTE
1314,1622203063.457,17.2,LTE
1315,1622203063.466,17.1,LTE
1316,1622203063.476,17.65,LTE
1317,1622203063.486,15.5,LTE
1318,1622203063.496,16.15,LTE
1319,1622203063.506,16.25,LTE
1320,1622203063.516,16.55,LTE
1321,1622203063.526,16.4,LTE
1322,1622203063.536,17.65,LTE
1323,1622203063.546,14.75,LTE
1324,1622203063.556,14.850000000000001,LTE
1325,1622203063.566,15.45,LTE
1326,1622203063.576,14.95,LTE
1327,1622203063.586,15.2,LTE
1328,1622203063.596,16.6,LTE
1329,1622203063.606,13.25,LTE
1330,1622203063.616,10.7,LTE
1331,1622203063.626,13.0,LTE
1332,1622203063.636,16.65,LTE
1333,1622203063.646,16.75,LTE
1334,1622203063.657,18.9,LTE
1335,1622203063.666,12.3,LTE
1336,1622203063.676,18.049999999999997,LTE
1337,1622203063.686,17.2,LTE
1338,1622203063.696,16.65,LTE
1339,1622203063.706,19.0,LTE
1340,1622203063.716,17.45,LTE
1341,1622203063.726,16.3,LTE
1342,1622203063.736,19.65,LTE
1343,1622203063.746,15.200000000000001,LTE
1344,1622203063.756,18.1,LTE
1345,1622203063.766,14.7,LTE
1346,1622203063.776,15.75,LTE
1347,1622203063.786,17.7,LTE
1348,1622203063.796,16.5,LTE
1349,1622203063.806,18.7,LTE
1350,1622203063.816,19.700000000000003,LTE
1351,1622203063.826,16.55,LTE
1352,1622203063.836,17.0,LTE
1353,1622203063.846,14.05,LTE
1354,1622203063.857,16.9,LTE
1355,1622203063.866,16.4,LTE
1356,1622203063.876,18.3,LTE
1357,1622203063.886,17.5,LTE
1358,1622203063.896,18.8,LTE
1359,1622203063.906,18.55,LTE
1360,1622203063.916,19.35,LTE
1361,1622203063.926,16.35,LTE
1362,1622203063.936,16.8,LTE
1363,1622203063.946,15.9,LTE
1364,1622203063.956,13.1,LTE
1365,1622203063.966,17.05,LTE
1366,1622203063.976,17.3,LTE
1367,1622203063.986,15.950000000000001,LTE
1368,1622203063.996,18.15,LTE
1369,1622203064.006,16.299999999999997,LTE
1370,1622203064.016,17.0,LTE
1371,1622203064.026,16.6,LTE
1372,1622203064.036,15.85,LTE
1373,1622203064.046,14.100000000000001,LTE
1374,1622203064.057,18.25,LTE
1375,1622203064.066,15.6,LTE
1376,1622203064.076,15.55,LTE
1377,1622203064.086,19.4,LTE
1378,1622203064.096,19.5,LTE
1379,1622203064.106,17.8,LTE
1380,1622203064.116,18.75,LTE
1381,1622203064.126,19.200000000000003,LTE
1382,1622203064.136,22.200000000000003,LTE
1383,1622203064.146,17.5,LTE
1384,1622203064.156,20.799999999999997,LTE
1385,1622203064.166,18.3,LTE
1386,1622203064.176,23.049999999999997,LTE
1387,1622203064.186,16.75,LTE
1388,1622203064.196,18.5,LTE
1389,1622203064.226,14.850000000000001,LTE
1390,1622203064.236,22.3,LTE
1391,1622203064.246,21.75,LTE
1392,1622203064.257,21.15,LTE
1393,1622203064.266,19.75,LTE
1394,1622203064.276,19.0,LTE
1395,1622203064.286,19.4,LTE
1396,1622203064.296,16.15,LTE
1397,1622203064.306,17.7,LTE
1398,1622203064.316,19.85,LTE
1399,1622203064.326,19.049999999999997,LTE
1400,1622203064.336,19.45,LTE
1401,1622203064.346,19.85,LTE
1402,1622203064.356,19.9,LTE
1403,1622203064.367,19.85,LTE
1404,1622203064.376,20.700000000000003,LTE
1405,1622203064.406,21.1,LTE
1406,1622203064.416,21.9,LTE
1407,1622203064.426,21.85,LTE
1408,1622203064.436,20.9,LTE
1409,1622203064.446,20.6,LTE
1410,1622203064.457,22.6,LTE
1411,1622203064.466,19.75,LTE
1412,1622203064.476,20.9,LTE
1413,1622203064.486,22.75,LTE
1414,1622203064.496,21.0,LTE
1415,1622203064.506,21.1,LTE
1416,1622203064.516,20.8,LTE
1417,1622203064.526,20.7,LTE
1418,1622203064.536,18.35,LTE
1419,1622203064.546,18.3,LTE
1420,1622203064.556,20.2,LTE
1421,1622203064.566,22.9,LTE
1422,1622203064.576,24.55,LTE
1423,1622203064.586,23.35,LTE
1424,1622203064.596,22.95,LTE
1425,1622203064.606,23.4,LTE
1426,1622203064.616,22.700000000000003,LTE
1427,1622203064.626,21.950000000000003,LTE
1428,1622203064.636,20.950000000000003,LTE
1429,1622203064.646,22.85,LTE
1430,1622203064.657,22.450000000000003,LTE
1431,1622203064.666,19.65,LTE
1432,1622203064.676,20.65,LTE
1433,1622203064.686,22.35,LTE
1434,1622203064.696,22.75,LTE
1435,1622203064.706,19.299999999999997,LTE
1436,1622203064.716,21.450000000000003,LTE
1437,1622203064.726,21.65,LTE
1438,1622203064.736,22.3,LTE
1439,1622203064.746,18.15,LTE
1440,1622203064.756,19.8,LTE
1441,1622203064.766,18.4,LTE
1442,1622203064.776,20.65,LTE
1443,1622203064.786,19.4,LTE
1444,1622203064.796,19.65,LTE
1445,1622203064.806,20.25,LTE
1446,1622203064.816,20.2,LTE
1447,1622203064.826,19.35,LTE
1448,1622203064.836,21.8,LTE
1449,1622203064.846,23.75,LTE
1450,1622203064.856,20.9,LTE
1451,1622203064.866,23.4,LTE
1452,1622203064.876,23.65,LTE
1453,1622203064.886,20.25,LTE
1454,1622203064.896,20.65,LTE
1455,1622203064.906,22.85,LTE
1456,1622203064.916,24.6,LTE
1457,1622203064.926,24.45,LTE
1458,1622203064.936,24.0,LTE
1459,1622203064.946,22.85,LTE
1460,1622203064.956,24.700000000000003,LTE
1461,1622203064.966,24.200000000000003,LTE
1462,1622203064.976,24.6,LTE
1463,1622203064.986,23.35,LTE
1464,1622203064.996,22.65,LTE
1465,1622203065.006,22.7,LTE
1466,1622203065.016,22.450000000000003,LTE
1467,1622203065.026,21.6,LTE
1468,1622203065.036,23.549999999999997,LTE
1469,1622203065.046,23.55,LTE
1470,1622203065.057,23.95,LTE
1471,1622203065.066,23.1,LTE
1472,1622203065.096,23.85,LTE
1473,1622203065.106,23.15,LTE
1474,1622203065.116,24.1,LTE
1475,1622203065.126,21.35,LTE
1476,1622203065.136,22.65,LTE
1477,1622203065.146,22.7,LTE
1478,1622203065.156,24.35,LTE
1479,1622203065.166,24.9,LTE
1480,1622203065.176,24.5,LTE
1481,1622203065.186,22.95,LTE
1482,1622203065.196,23.4,LTE
1483,1622203065.206,24.2,LTE
1484,1622203065.216,24.75,LTE
1485,1622203065.226,22.95,LTE
1486,1622203065.236,24.2,LTE
1487,1622203065.246,23.9,LTE
1488,1622203065.276,22.124999999999996,LTE
1489,1622203065.287,23.925000000000004,LTE
1490,1622203065.296,23.85,LTE
1491,1622203065.306,21.549999999999997,LTE
1492,1622203065.316,22.950000000000003,LTE
1493,1622203065.326,22.9,LTE
1494,1622203065.336,23.6,LTE
1495,1622203065.346,20.3,LTE
1496,1622203065.356,20.1,LTE
1497,1622203065.366,22.65,LTE
1498,1622203065.376,23.0,LTE
1499,1622203065.386,21.75,LTE
1500,1622203065.396,21.2,LTE
1501,1622203065.406,21.9,LTE
1502,1622203065.416,21.15,LTE
1503,1622203065.426,19.75,LTE
1504,1622203065.436,21.85,LTE
1505,1622203065.446,21.1,LTE
1506,1622203065.457,22.1,LTE
1507,1622203065.466,20.450000000000003,LTE
1508,1622203065.476,20.25,LTE
1509,1622203065.486,18.5,LTE
1510,1622203065.496,20.549999999999997,LTE
1511,1622203065.506,20.9,LTE
1512,1622203065.516,19.9,LTE
1513,1622203065.526,20.7,LTE
1514,1622203065.536,21.5,LTE
1515,1622203065.546,22.1,LTE
1516,1622203065.556,22.1,LTE
1517,1622203065.566,24.55,LTE
1518,1622203065.576,21.0,LTE
1519,1622203065.586,21.1,LTE
1520,1622203065.596,20.450000000000003,LTE
1521,1622203065.606,19.35,LTE
1522,1622203065.616,20.049999999999997,LTE
1523,1622203065.626,20.2,LTE
1524,1622203065.636,21.3,LTE
1525,1622203065.646,20.15,LTE
1526,1622203065.657,23.05,LTE
1527,1622203065.666,18.1,LTE
1528,1622203065.676,22.799999999999997,LTE
1529,1622203065.686,21.9,LTE
1530,1622203065.696,21.25,LTE
1531,1622203065.706,18.4,LTE
1532,1622203065.716,21.25,LTE
1533,1622203065.726,20.95,LTE
1534,1622203065.736,21.35,LTE
1535,1622203065.746,21.85,LTE
1536,1622203065.756,23.299999999999997,LTE
1537,1622203065.766,20.1,LTE
1538,1622203065.776,23.299999999999997,LTE
1539,1622203065.786,20.799999999999997,LTE
1540,1622203065.796,19.9,LTE
1541,1622203065.806,20.8,LTE
1542,1622203065.816,18.6,LTE
1543,1622203065.826,18.9,LTE
1544,1622203065.836,21.450000000000003,LTE
1545,1622203065.846,19.85,LTE
1546,1622203065.857,21.9,LTE
1547,1622203065.866,20.75,LTE
1548,1622203065.876,21.2,LTE
1549,1622203065.886,22.0,LTE
1550,1622203065.896,22.200000000000003,LTE
1551,1622203065.906,20.85,LTE
1552,1622203065.916,19.95,LTE
1553,1622203065.926,21.2,LTE
1554,1622203065.936,22.1,LTE
1555,1622203065.966,20.625,LTE
1556,1622203065.976,19.275,LTE
1557,1622203065.986,20.825,LTE
1558,1622203065.996,24.55,LTE
1559,1622203066.006,22.450000000000003,LTE
1560,1622203066.016,23.35,LTE
1561,1622203066.026,21.0,LTE
1562,1622203066.036,21.9,LTE
1563,1622203066.046,21.25,LTE
1564,1622203066.057,23.549999999999997,LTE
1565,1622203066.066,21.5,LTE
1566,1622203066.076,20.0,LTE
1567,1622203066.086,21.199999999999996,LTE
1568,1622203066.096,21.775,LTE
1569,1622203066.106,19.599999999999998,LTE
1570,1622203066.116,20.5,LTE
1571,1622203066.146,20.65,LTE
1572,1622203066.156,21.75,LTE
1573,1622203066.166,20.325,LTE
1574,1622203066.176,18.025000000000002,LTE
1575,1622203066.188,20.35,LTE
1576,1622203066.196,21.65,LTE
1577,1622203066.206,19.799999999999997,LTE
1578,1622203066.216,19.65,LTE
1579,1622203066.226,21.15,LTE
1580,1622203066.236,22.9,LTE
1581,1622203066.246,24.1,LTE
1582,1622203066.257,24.15,LTE
1583,1622203066.266,22.55,LTE
1584,1622203066.276,21.15,LTE
1585,1622203066.286,23.049999999999997,LTE
1586,1622203066.296,23.549999999999997,LTE
1587,1622203066.306,23.5,LTE
1588,1622203066.316,22.7,LTE
1589,1622203066.326,23.700000000000003,LTE
1590,1622203066.336,23.450000000000003,LTE
1591,1622203066.346,22.0,LTE
1592,1622203066.356,23.95,LTE
1593,1622203066.366,21.15,LTE
1594,1622203066.376,24.299999999999997,LTE
1595,1622203066.386,23.45,LTE
1596,1622203066.396,22.2,LTE
1597,1622203066.406,22.0,LTE
1598,1622203066.416,19.8,LTE
1599,1622203066.426,23.35,LTE
1600,1622203066.436,23.049999999999997,LTE
1601,1622203066.446,22.95,LTE
1602,1622203066.457,23.65,LTE
1603,1622203066.466,19.25,LTE
1604,1622203066.476,24.05,LTE
1605,1622203066.486,19.45,LTE
1606,1622203066.496,23.0,LTE
1607,1622203066.506,18.5,LTE
1608,1622203066.516,20.35,LTE
1609,1622203066.526,20.799999999999997,LTE
1610,1622203066.536,22.35,LTE
1611,1622203066.546,19.65,LTE
1612,1622203066.556,20.9,LTE
1613,1622203066.566,19.5,LTE
1614,1622203066.576,19.3,LTE
1615,1622203066.586,17.299999999999997,LTE
1616,1622203066.596,20.8,LTE
1617,1622203066.606,20.05,LTE
1618,1622203066.616,20.4,LTE
1619,1622203066.626,19.549999999999997,LTE
1620,1622203066.636,20.05,LTE
1621,1622203066.646,17.1,LTE
1622,1622203066.657,18.5,LTE
1623,1622203066.676,21.475,LTE
1624,1622203066.686,19.549999999999997,LTE
1625,1622203066.696,21.65,LTE
1626,1622203066.706,17.85,LTE
1627,1622203066.716,16.9,LTE
1628,1622203066.746,21.275,LTE
1629,1622203066.756,22.75,LTE
1630,1622203066.766,22.6,LTE
1631,1622203066.776,20.75,LTE
1632,1622203066.786,20.85,LTE
1633,1622203066.796,23.85,LTE
1634,1622203066.806,23.549999999999997,LTE
1635,1622203066.816,23.75,LTE
1636,1622203066.826,22.5,LTE
1637,1622203066.836,20.8,LTE
1638,1622203066.846,23.4,LTE
1639,1622203066.857,22.85,LTE
1640,1622203066.866,22.200000000000003,LTE
1641,1622203066.876,23.125,LTE
1642,1622203066.886,24.875,LTE
1643,1622203066.896,24.175,LTE
1644,1622203066.909,23.35,LTE
1645,1622203066.916,24.0,LTE
1646,1622203066.926,23.75,LTE
1647,1622203066.936,22.85,LTE
1648,1622203066.946,21.25,LTE
1649,1622203066.956,21.9,LTE
1650,1622203066.966,20.55,LTE
1651,1622203066.976,20.4,LTE
1652,1622203066.986,21.549999999999997,LTE
1653,1622203066.996,21.65,LTE
1654,1622203067.006,23.25,LTE
1655,1622203067.016,21.8,LTE
1656,1622203067.026,19.05,LTE
1657,1622203067.036,21.700000000000003,LTE
1658,1622203067.046,25.75,LTE
1659,1622203067.057,21.299999999999997,LTE
1660,1622203067.066,24.75,LTE
1661,1622203067.076,24.55,LTE
1662,1622203067.086,24.15,LTE
1663,1622203067.096,17.5,LTE
1664,1622203067.106,21.05,LTE
1665,1622203067.116,24.0,LTE
1666,1622203067.126,23.4,LTE
1667,1622203067.136,19.45,LTE
1668,1622203067.146,22.25,LTE
1669,1622203067.156,21.700000000000003,LTE
1670,1622203067.166,22.3,LTE
1671,1622203067.176,22.1,LTE
1672,1622203067.186,19.4,LTE
1673,1622203067.196,21.55,LTE
1674,1622203067.206,19.0,LTE
1675,1622203067.216,20.15,LTE
1676,1622203067.226,16.299999999999997,LTE
1677,1622203067.236,20.049999999999997,LTE
1678,1622203067.246,18.35,LTE
1679,1622203067.257,22.35,LTE
1680,1622203067.266,23.299999999999997,LTE
1681,1622203067.276,20.95,LTE
1682,1622203067.286,22.55,LTE
1683,1622203067.296,22.2,LTE
1684,1622203067.306,18.25,LTE
1685,1622203067.316,19.6,LTE
1686,1622203067.326,20.2,LTE
1687,1622203067.336,22.0,LTE
1688,1622203067.346,22.25,LTE
1689,1622203067.356,18.2,LTE
1690,1622203067.366,24.700000000000003,LTE
1691,1622203067.376,23.4,LTE
1692,1622203067.386,22.75,LTE
1693,1622203067.396,23.8,LTE
1694,1622203067.406,21.049999999999997,LTE
1695,1622203067.416,23.15,LTE
1696,1622203067.426,21.0,LTE
1697,1622203067.436,22.200000000000003,LTE
1698,1622203067.446,21.95,LTE
1699,1622203067.457,23.700000000000003,LTE
1700,1622203067.466,21.95,LTE
1701,1622203067.476,22.25,LTE
1702,1622203067.486,20.2,LTE
1703,1622203067.496,22.15,LTE
1704,1622203067.506,16.65,LTE
1705,1622203067.516,20.3,LTE
1706,1622203067.526,19.75,LTE
1707,1622203067.536,20.7,LTE
1708,1622203067.546,19.15,LTE
1709,1622203067.556,24.1,LTE
1710,1622203067.566,23.95,LTE
1711,1622203067.576,21.0,LTE
1712,1622203067.586,18.700000000000003,LTE
1713,1622203067.596,22.15,LTE
1714,1622203067.606,21.05,LTE
1715,1622203067.616,20.45,LTE
1716,1622203067.626,17.05,LTE
1717,1622203067.636,17.3,LTE
1718,1622203067.646,19.950000000000003,LTE
1719,1622203067.656,22.35,LTE
1720,1622203067.666,20.85,LTE
1721,1622203067.676,18.15,LTE
1722,1622203067.686,21.85,LTE
1723,1622203067.696,21.1,LTE
1724,1622203067.706,18.0,LTE
1725,1622203067.716,21.15,LTE
1726,1622203067.726,14.95,LTE
1727,1622203067.736,17.5,LTE
1728,1622203067.746,17.7,LTE
1729,1622203067.756,16.45,LTE
1730,1622203067.766,18.95,LTE
1731,1622203067.776,20.4,LTE
1732,1622203067.786,19.35,LTE
1733,1622203067.796,18.35,LTE
1734,1622203067.806,17.35,LTE
1735,1622203067.816,14.8,LTE
1736,1622203067.826,12.8,LTE
1737,1622203067.836,16.8,LTE
1738,1622203067.879,17.85,LTE
1739,1622203067.886,21.85,LTE
1740,1622203067.896,22.45,LTE
1741,1622203067.906,17.0,LTE
1742,1622203067.916,17.2,LTE
1743,1622203067.926,11.8,LTE
1744,1622203067.936,14.5,LTE
1745,1622203067.946,14.8,LTE
1746,1622203067.956,17.0,LTE
1747,1622203067.966,19.3,LTE
1748,1622203067.976,20.95,LTE
1749,1622203067.986,20.65,LTE
1750,1622203067.996,18.3,LTE
1751,1622203068.006,18.25,LTE
1752,1622203068.016,15.649999999999999,LTE
1753,1622203068.026,12.75,LTE
1754,1622203068.036,16.4,LTE
1755,1622203068.046,16.75,LTE
1756,1622203068.057,18.55,LTE
1757,1622203068.066,18.2,LTE
1758,1622203068.076,20.85,LTE
1759,1622203068.086,19.95,LTE
1760,1622203068.096,18.8,LTE
1761,1622203068.126,15.4,LTE
1762,1622203068.136,14.5,LTE
1763,1622203068.146,14.6,LTE
1764,1622203068.156,21.35,LTE
1765,1622203068.166,20.65,LTE
1766,1622203068.176,22.9,LTE
1767,1622203068.186,22.85,LTE
1768,1622203068.196,22.7,LTE
1769,1622203068.206,21.075000000000003,LTE
1770,1622203068.216,21.099999999999998,LTE
1771,1622203068.226,15.95,LTE
1772,1622203068.236,14.45,LTE
1773,1622203068.246,14.024999999999999,LTE
1774,1622203068.257,16.875,LTE
1775,1622203068.266,17.150000000000002,LTE
1776,1622203068.276,19.6,LTE
1777,1622203068.307,20.55,LTE
1778,1622203068.316,18.200000000000003,LTE
1779,1622203068.326,21.5,LTE
1780,1622203068.336,19.9,LTE
1781,1622203068.346,15.95,LTE
1782,1622203068.356,16.75,LTE
1783,1622203068.366,16.4,LTE
1784,1622203068.376,21.4,LTE
1785,1622203068.386,21.1,LTE
1786,1622203068.396,22.1,LTE
1787,1622203068.406,21.85,LTE
1788,1622203068.416,22.3,LTE
1789,1622203068.426,22.1,LTE
1790,1622203068.436,21.0,LTE
1791,1622203068.446,20.65,LTE
1792,1622203068.457,19.65,LTE
1793,1622203068.466,16.9,LTE
1794,1622203068.476,18.3,LTE
1795,1622203068.486,18.35,LTE
1796,1622203068.496,19.75,LTE
1797,1622203068.506,20.3,LTE
1798,1622203068.516,21.25,LTE
1799,1622203068.526,23.05,LTE
1800,1622203068.536,21.9,LTE
1801,1622203068.546,19.75,LTE
1802,1622203068.556,23.2,LTE
1803,1622203068.566,19.4,LTE
1804,1622203068.576,18.9,LTE
1805,1622203068.586,14.7,LTE
1806,1622203068.596,16.95,LTE
1807,1622203068.606,16.75,LTE
1808,1622203068.636,20.0,LTE
1809,1622203068.646,21.049999999999997,LTE
1810,1622203068.656,22.9,LTE
1811,1622203068.666,20.05,LTE
1812,1622203068.676,20.25,LTE
1813,1622203068.686,19.05,LTE
1814,1622203068.696,20.0,LTE
1815,1622203068.706,17.3,LTE
1816,1622203068.716,17.9,LTE
1817,1622203068.726,16.9,LTE
1818,1622203068.736,16.75,LTE
1819,1622203068.746,18.15,LTE
1820,1622203068.756,19.625,LTE
1821,1622203068.766,20.575,LTE
1822,1622203068.776,21.45,LTE
1823,1622203068.786,20.35,LTE
1824,1622203068.816,20.25,LTE
1825,1622203068.826,17.15,LTE
1826,1622203068.836,16.5,LTE
1827,1622203068.846,16.55,LTE
1828,1622203068.857,17.299999999999997,LTE
1829,1622203068.866,16.5,LTE
1830,1622203068.876,18.799999999999997,LTE
1831,1622203068.886,18.55,LTE
1832,1622203068.896,19.25,LTE
1833,1622203068.906,18.65,LTE
1834,1622203068.916,18.75,LTE
1835,1622203068.926,19.65,LTE
1836,1622203068.936,21.6,LTE
1837,1622203068.946,20.1,LTE
1838,1622203068.956,20.049999999999997,LTE
1839,1622203068.966,18.1,LTE
1840,1622203068.976,17.1,LTE
1841,1622203068.986,16.8,LTE
1842,1622203068.996,17.35,LTE
1843,1622203069.006,16.95,LTE
1844,1622203069.016,17.7,LTE
1845,1622203069.026,18.5,LTE
1846,1622203069.036,19.5,LTE
1847,1622203069.046,18.7,LTE
1848,1622203069.057,21.2,LTE
1849,1622203069.066,17.95,LTE
1850,1622203069.076,17.3,LTE
1851,1622203069.086,18.9,LTE
1852,1622203069.096,20.3,LTE
1853,1622203069.106,15.25,LTE
1854,1622203069.116,16.9,LTE
1855,1622203069.126,15.7,LTE
1856,1622203069.136,15.5,LTE
1857,1622203069.146,12.75,LTE
1858,1622203069.156,12.95,LTE
1859,1622203069.176,18.075,LTE
1860,1622203069.186,19.675,LTE
1861,1622203069.196,21.125,LTE
1862,1622203069.206,20.725,LTE
1863,1622203069.216,21.625,LTE
1864,1622203069.246,20.200000000000003,LTE
1865,1622203069.257,25.5,LTE
1866,1622203069.266,24.05,LTE
1867,1622203069.276,24.35,LTE
1868,1622203069.286,24.4,LTE
1869,1622203069.297,22.2,LTE
1870,1622203069.306,21.65,LTE
1871,1622203069.316,23.35,LTE
1872,1622203069.326,22.3,LTE
1873,1622203069.336,22.7,LTE
1874,1622203069.346,17.15,LTE
1875,1622203069.356,22.45,LTE
1876,1622203069.366,21.25,LTE
1877,1622203069.376,23.5,LTE
1878,1622203069.386,22.799999999999997,LTE
1879,1622203069.396,22.8,LTE
1880,1622203069.416,19.5,LTE
1881,1622203069.426,15.75,LTE
1882,1622203069.436,18.6,LTE
1883,1622203069.446,18.25,LTE
1884,1622203069.457,20.799999999999997,LTE
1885,1622203069.466,15.55,LTE
1886,1622203069.476,17.799999999999997,LTE
1887,1622203069.486,18.799999999999997,LTE
1888,1622203069.496,16.950000000000003,LTE
1889,1622203069.506,16.9,LTE
1890,1622203069.516,17.35,LTE
1891,1622203069.526,17.45,LTE
1892,1622203069.536,17.25,LTE
1893,1622203069.546,14.25,LTE
1894,1622203069.556,15.8,LTE
1895,1622203069.566,17.049999999999997,LTE
1896,1622203069.576,19.6,LTE
1897,1622203069.586,17.200000000000003,LTE
1898,1622203069.596,20.65,LTE
1899,1622203069.606,19.8,LTE
1900,1622203069.616,18.05,LTE
1901,1622203069.626,19.0,LTE
1902,1622203069.636,19.700000000000003,LTE
1903,1622203069.646,18.9,LTE
1904,1622203069.657,20.2,LTE
1905,1622203069.666,14.05,LTE
1906,1622203069.676,17.65,LTE
1907,1622203069.686,15.05,LTE
1908,1622203069.706,17.675,LTE
1909,1622203069.716,15.65,LTE
1910,1622203069.726,16.275,LTE
1911,1622203069.737,17.325,LTE
1912,1622203069.746,16.3,LTE
1913,1622203069.776,19.1,LTE
1914,1622203069.786,17.200000000000003,LTE
1915,1622203069.796,18.5,LTE
1916,1622203069.806,20.450000000000003,LTE
1917,1622203069.816,22.75,LTE
1918,1622203069.826,20.799999999999997,LTE
1919,1622203069.836,21.200000000000003,LTE
1920,1622203069.846,20.4,LTE
1921,1622203069.856,17.7,LTE
1922,1622203069.866,17.4,LTE
1923,1622203069.876,16.25,LTE
1924,1622203069.886,18.825,LTE
1925,1622203069.897,19.05,LTE
1926,1622203069.906,18.0,LTE
1927,1622203069.916,17.6,LTE
1928,1622203069.926,17.5,LTE
1929,1622203069.937,16.9,LTE
1930,1622203069.946,12.45,LTE
1931,1622203069.956,14.0,LTE
1932,1622203069.966,13.850000000000001,LTE
1933,1622203069.976,17.299999999999997,LTE
1934,1622203069.986,15.05,LTE
1935,1622203069.996,15.95,LTE
1936,1622203070.006,14.7,LTE
1937,1622203070.016,14.8,LTE
1938,1622203070.026,13.15,LTE
1939,1622203070.036,18.299999999999997,LTE
1940,1622203070.046,16.15,LTE
1941,1622203070.056,17.950000000000003,LTE
1942,1622203070.066,13.15,LTE
1943,1622203070.076,16.35,LTE
1944,1622203070.086,19.75,LTE
1945,1622203070.096,20.35,LTE
1946,1622203070.106,21.95,LTE
1947,1622203070.116,20.35,LTE
1948,1622203070.126,19.35,LTE
1949,1622203070.137,12.75,LTE
1950,1622203070.146,9.85,LTE
1951,1622203070.156,19.0,LTE
1952,1622203070.166,18.8,LTE
1953,1622203070.176,18.1,LTE
1954,1622203070.186,16.75,LTE
1955,1622203070.196,16.8,LTE
1956,1622203070.206,18.5,LTE
1957,1622203070.216,18.200000000000003,LTE
1958,1622203070.226,15.5,LTE
1959,1622203070.236,16.9,LTE
1960,1622203070.246,16.45,LTE
1961,1622203070.256,16.7,LTE
1962,1622203070.286,14.624999999999998,LTE
1963,1622203070.296,19.4,LTE
1964,1622203070.306,15.0,LTE
1965,1622203070.316,14.8,LTE
1966,1622203070.326,18.2,LTE
1967,1622203070.337,22.2,LTE
1968,1622203070.346,16.35,LTE
1969,1622203070.356,20.95,LTE
1970,1622203070.366,16.05,LTE
1971,1622203070.376,17.9,LTE
1972,1622203070.386,13.85,LTE
1973,1622203070.396,20.549999999999997,LTE
1974,1622203070.406,21.85,LTE
1975,1622203070.416,20.8,LTE
1976,1622203070.426,16.35,LTE
1977,1622203070.436,22.6,LTE
1978,1622203070.466,19.175,LTE
1979,1622203070.476,18.2,LTE
1980,1622203070.486,19.35,LTE
1981,1622203070.496,19.55,LTE
1982,1622203070.506,15.75,LTE
1983,1622203070.516,17.5,LTE
1984,1622203070.526,16.9,LTE
1985,1622203070.537,17.549999999999997,LTE
1986,1622203070.546,17.95,LTE
1987,1622203070.556,15.8,LTE
1988,1622203070.566,14.75,LTE
1989,1622203070.576,17.975,LTE
1990,1622203070.586,18.15,LTE
1991,1622203070.596,18.8,LTE
1992,1622203070.606,19.6,LTE
1993,1622203070.616,19.8,LTE
1994,1622203070.636,21.15,LTE
1995,1622203070.646,17.85,LTE
1996,1622203070.656,17.75,LTE
1997,1622203070.666,15.275,LTE
1998,1622203070.676,15.9,LTE
1999,1622203070.706,17.35,LTE
2000,1622203070.716,17.3,LTE
2001,1622203070.726,20.6,LTE
2002,1622203070.736,21.4,LTE
2003,1622203070.746,20.049999999999997,LTE
2004,1622203070.756,20.85,LTE
2005,1622203070.766,20.675,LTE
2006,1622203070.776,22.35,LTE
2007,1622203070.786,17.1,LTE
2008,1622203070.796,20.200000000000003,LTE
2009,1622203070.806,16.15,LTE
2010,1622203070.816,16.4,LTE
2011,1622203070.826,16.8,LTE
2012,1622203070.836,17.45,LTE
2013,1622203070.846,16.85,LTE
2014,1622203070.856,18.85,LTE
2015,1622203070.866,16.85,LTE
2016,1622203070.876,16.55,LTE
2017,1622203070.886,16.1,LTE
2018,1622203070.896,18.4,LTE
2019,1622203070.906,15.0,LTE
2020,1622203070.916,14.1,LTE
2021,1622203070.926,15.95,LTE
2022,1622203070.937,17.85,LTE
2023,1622203070.946,15.2,LTE
2024,1622203070.956,15.7,LTE
2025,1622203070.966,12.75,LTE
2026,1622203070.976,13.850000000000001,LTE
2027,1622203070.986,12.899999999999999,LTE
2028,1622203070.996,11.25,LTE
2029,1622203071.006,11.65,LTE
2030,1622203071.016,12.649999999999999,LTE
2031,1622203071.026,8.35,LTE
2032,1622203071.036,9.7,LTE
2033,1622203071.046,8.05,LTE
2034,1622203071.056,9.75,LTE
2035,1622203071.066,10.8,LTE
2036,1622203071.076,13.4,LTE
2037,1622203071.086,10.7,LTE
2038,1622203071.096,4.4,LTE
2039,1622203071.106,10.9,LTE
2040,1622203071.116,6.95,LTE
2041,1622203071.126,10.9,LTE
2042,1622203071.137,10.05,LTE
2043,1622203071.146,9.05,LTE
2044,1622203071.156,10.6,LTE
2045,1622203071.166,12.05,LTE
2046,1622203071.176,13.4,LTE
2047,1622203071.186,12.899999999999999,LTE
2048,1622203071.196,14.3,LTE
2049,1622203071.206,13.35,LTE
2050,1622203071.216,14.55,LTE
2051,1622203071.226,12.399999999999999,LTE
2052,1622203071.236,15.35,LTE
2053,1622203071.246,13.3,LTE
2054,1622203071.256,14.5,LTE
2055,1622203071.266,9.1,LTE
2056,1622203071.276,12.75,LTE
2057,1622203071.286,11.950000000000001,LTE
2058,1622203071.296,9.7,LTE
2059,1622203071.306,11.899999999999999,LTE
2060,1622203071.316,9.95,LTE
2061,1622203071.326,12.75,LTE
2062,1622203071.337,11.5,LTE
2063,1622203071.346,10.15,LTE
2064,1622203071.356,9.2,LTE
2065,1622203071.366,12.100000000000001,LTE
2066,1622203071.376,13.55,LTE
2067,1622203071.386,13.45,LTE
2068,1622203071.396,13.75,LTE
2069,1622203071.406,13.6,LTE
2070,1622203071.416,14.55,LTE
2071,1622203071.426,13.600000000000001,LTE
2072,1622203071.436,14.7,LTE
2073,1622203071.446,14.649999999999999,LTE
2074,1622203071.456,11.15,LTE
2075,1622203071.466,12.299999999999999,LTE
2076,1622203071.476,10.9,LTE
2077,1622203071.486,13.7,LTE
2078,1622203071.496,13.399999999999999,LTE
2079,1622203071.506,13.9,LTE
2080,1622203071.516,16.25,LTE
2081,1622203071.526,13.8,LTE
2082,1622203071.537,12.2,LTE
2083,1622203071.546,11.75,LTE
2084,1622203071.556,13.75,LTE
2085,1622203071.566,13.25,LTE
2086,1622203071.576,9.95,LTE
2087,1622203071.586,10.899999999999999,LTE
2088,1622203071.596,14.75,LTE
2089,1622203071.606,12.5,LTE
2090,1622203071.616,13.8,LTE
2091,1622203071.626,11.45,LTE
2092,1622203071.636,11.8,LTE
2093,1622203071.646,11.3,LTE
2094,1622203071.656,11.3,LTE
2095,1622203071.666,8.600000000000001,LTE
2096,1622203071.676,10.5,LTE
2097,1622203071.686,13.05,LTE
2098,1622203071.696,13.850000000000001,LTE
2099,1622203071.706,11.9,LTE
2100,1622203071.716,13.8,LTE
2101,1622203071.726,9.8,LTE
2102,1622203071.737,14.95,LTE
2103,1622203071.746,14.25,LTE
2104,1622203071.756,13.6,LTE
2105,1622203071.766,15.549999999999999,LTE
2106,1622203071.776,17.0,LTE
2107,1622203071.786,15.55,LTE
2108,1622203071.796,16.200000000000003,LTE
2109,1622203071.806,12.75,LTE
2110,1622203071.816,15.3,LTE
2111,1622203071.826,15.45,LTE
2112,1622203071.836,17.65,LTE
2113,1622203071.846,14.05,LTE
2114,1622203071.856,16.75,LTE
2115,1622203071.866,14.9,LTE
2116,1622203071.876,18.35,LTE
2117,1622203071.886,15.05,LTE
2118,1622203071.896,17.7,LTE
2119,1622203071.906,15.25,LTE
2120,1622203071.916,18.35,LTE
2121,1622203071.926,15.95,LTE
2122,1622203071.937,16.4,LTE
2123,1622203071.946,13.0,LTE
2124,1622203071.956,14.25,LTE
2125,1622203071.966,11.95,LTE
2126,1622203071.976,15.35,LTE
2127,1622203071.986,12.649999999999999,LTE
2128,1622203071.996,10.7,LTE
2129,1622203072.006,13.7,LTE
2130,1622203072.016,13.2,LTE
2131,1622203072.026,11.75,LTE
2132,1622203072.036,12.65,LTE
2133,1622203072.046,11.649999999999999,LTE
2134,1622203072.056,11.399999999999999,LTE
2135,1622203072.066,8.95,LTE
2136,1622203072.076,11.9,LTE
2137,1622203072.086,9.75,LTE
2138,1622203072.096,12.05,LTE
2139,1622203072.106,9.4,LTE
2140,1622203072.116,10.2,LTE
2141,1622203072.126,9.7,LTE
2142,1622203072.137,10.75,LTE
2143,1622203072.146,8.850000000000001,LTE
2144,1622203072.156,9.9,LTE
2145,1622203072.166,9.7,LTE
2146,1622203072.176,11.35,LTE
2147,1622203072.186,7.550000000000001,LTE
2148,1622203072.196,10.35,LTE
2149,1622203072.206,9.1,LTE
2150,1622203072.216,12.3,LTE
2151,1622203072.226,5.55,LTE
2152,1622203072.236,7.9,LTE
2153,1622203072.246,5.5,LTE
2154,1622203072.256,7.0,LTE
2155,1622203072.266,4.050000000000001,LTE
2156,1622203072.276,6.199999999999999,LTE
2157,1622203072.286,7.7,LTE
2158,1622203072.296,2.4000000000000004,LTE
2159,1622203072.306,6.45,LTE
2160,1622203072.316,12.25,LTE
2161,1622203072.326,12.9,LTE
2162,1622203072.337,10.1,LTE
2163,1622203072.346,11.45,LTE
2164,1622203072.356,7.75,LTE
2165,1622203072.366,6.75,LTE
2166,1622203072.376,4.3,LTE
2167,1622203072.386,6.1000000000000005,LTE
2168,1622203072.396,12.75,LTE
2169,1622203072.406,15.7,LTE
2170,1622203072.416,14.25,LTE
2171,1622203072.426,14.2,LTE
2172,1622203072.436,15.4,LTE
2173,1622203072.446,16.1,LTE
2174,1622203072.456,15.8,LTE
2175,1622203072.466,11.5,LTE
2176,1622203072.476,12.450000000000001,LTE
2177,1622203072.486,16.4,LTE
2178,1622203072.496,18.45,LTE
2179,1622203072.506,17.85,LTE
2180,1622203072.516,18.4,LTE
2181,1622203072.526,18.35,LTE
2182,1622203072.537,19.4,LTE
2183,1622203072.546,16.85,LTE
2184,1622203072.556,17.95,LTE
2185,1622203072.566,17.45,LTE
2186,1622203072.576,11.6,LTE
2187,1622203072.586,14.2,LTE
2188,1622203072.596,14.75,LTE
2189,1622203072.606,14.4,LTE
2190,1622203072.616,14.799999999999999,LTE
2191,1622203072.626,13.45,LTE
2192,1622203072.636,14.85,LTE
2193,1622203072.646,7.0,LTE
2194,1622203072.656,13.5,LTE
2195,1622203072.666,14.4,LTE
2196,1622203072.676,15.05,LTE
2197,1622203072.686,14.75,LTE
2198,1622203072.696,13.15,LTE
2199,1622203072.706,8.95,LTE
2200,1622203072.716,10.1,LTE
2201,1622203072.726,9.75,LTE
2202,1622203072.737,12.55,LTE
2203,1622203072.746,9.6,LTE
2204,1622203072.756,11.649999999999999,LTE
2205,1622203072.766,6.7,LTE
2206,1622203072.776,2.25,LTE
2207,1622203072.786,2.0,LTE
2208,1622203072.796,2.4499999999999997,LTE
2209,1622203072.806,2.1500000000000004,LTE
2210,1622203072.816,3.3499999999999996,LTE
2211,1622203072.826,4.5,LTE
2212,1622203072.836,5.4,LTE
2213,1622203072.846,5.6,LTE
2214,1622203072.856,4.9,LTE
2215,1622203072.866,4.15,LTE
2216,1622203072.876,3.3499999999999996,LTE
2217,1622203072.886,2.6499999999999995,LTE
2218,1622203072.896,3.1499999999999995,LTE
2219,1622203072.906,3.8000000000000003,LTE
2220,1622203072.916,4.85,LTE
2221,1622203072.926,10.55,LTE
2222,1622203072.937,2.15,LTE
2223,1622203072.946,2.5999999999999996,LTE
2224,1622203072.956,3.3,LTE
2225,1622203072.966,3.1999999999999997,LTE
2226,1622203072.976,3.3000000000000003,LTE
2227,1622203072.986,1.1,LTE
2228,1622203072.996,0.19999999999999973,LTE
2229,1622203073.006,-0.10000000000000009,LTE
2230,1622203073.016,-1.0,LTE
2231,1622203073.026,-0.2999999999999998,LTE
2232,1622203073.036,1.25,LTE
2233,1622203073.046,2.6500000000000004,LTE
2234,1622203073.056,4.300000000000001,LTE
2235,1622203073.066,4.3500000000000005,LTE
2236,1622203073.076,2.95,LTE
2237,1622203073.086,1.4,LTE
2238,1622203073.096,2.6999999999999997,LTE
2239,1622203073.106,3.1999999999999997,LTE
2240,1622203073.116,1.25,LTE
2241,1622203073.126,1.5500000000000003,LTE
2242,1622203073.137,1.7500000000000004,LTE
2243,1622203073.146,3.1499999999999995,LTE
2244,1622203073.156,1.7000000000000002,LTE
2245,1622203073.166,-0.15000000000000036,LTE
2246,1622203073.176,-0.3999999999999999,LTE
2247,1622203073.186,1.0,LTE
2248,1622203073.196,1.0500000000000003,LTE
2249,1622203073.206,1.0500000000000003,LTE
2250,1622203073.216,1.6500000000000004,LTE
2251,1622203073.226,1.9499999999999997,LTE
2252,1622203073.236,1.9499999999999997,LTE
2253,1622203073.246,1.9,LTE
2254,1622203073.256,2.2500000000000004,LTE
2255,1622203073.266,1.5999999999999996,LTE
2256,1622203073.276,0.8500000000000001,LTE
2257,1622203073.286,0.5,LTE
2258,1622203073.296,2.1500000000000004,LTE
2259,1622203073.306,3.7,LTE
2260,1622203073.316,4.1000000000000005,LTE
2261,1622203073.326,3.5,LTE
2262,1622203073.337,3.5000000000000004,LTE
2263,1622203073.346,5.5,LTE
2264,1622203073.356,5.65,LTE
2265,1622203073.366,5.1,LTE
2266,1622203073.376,4.7,LTE
2267,1622203073.386,5.7,LTE
2268,1622203073.396,5.550000000000001,LTE
2269,1622203073.406,6.050000000000001,LTE
2270,1622203073.416,5.550000000000001,LTE
2271,1622203073.426,5.6,LTE
2272,1622203073.436,4.45,LTE
2273,1622203073.446,3.55,LTE
2274,1622203073.456,2.2,LTE
2275,1622203073.466,3.3999999999999995,LTE
2276,1622203073.476,3.55,LTE
2277,1622203073.486,3.4499999999999997,LTE
2278,1622203073.496,2.9499999999999997,LTE
2279,1622203073.506,2.5999999999999996,LTE
2280,1622203073.516,4.0,LTE
2281,1622203073.526,3.0,LTE
2282,1622203073.537,1.35,LTE
2283,1622203073.546,0.30000000000000027,LTE
2284,1622203073.556,-0.2999999999999998,LTE
2285,1622203073.566,0.8500000000000001,LTE
2286,1622203073.576,0.9500000000000002,LTE
2287,1622203073.586,1.45,LTE
2288,1622203073.596,1.5000000000000002,LTE
2289,1622203073.606,1.0999999999999999,LTE
2290,1622203073.616,0.8,LTE
2291,1622203073.626,0.19999999999999996,LTE
2292,1622203073.636,-3.0,LTE
2293,1622203073.646,-0.8499999999999999,LTE
2294,1622203073.656,-2.2,LTE
2295,1622203073.666,-1.225,LTE
2296,1622203073.676,-1.9250000000000003,LTE
2297,1622203073.686,-2.225,LTE
2298,1622203073.696,-1.9749999999999999,LTE
2299,1622203073.706,-2.4,LTE
2300,1622203073.716,-2.85,LTE
2301,1622203073.726,-3.15,LTE
2302,1622203073.737,-4.2,LTE
2303,1622203073.746,-4.175,LTE
2304,1622203073.756,-4.825,LTE
2305,1622203073.766,-3.95,LTE
2306,1622203073.776,-4.725,LTE
2307,1622203073.786,-3.7,LTE
2308,1622203073.796,-3.525,LTE
2309,1622203073.806,-3.6750000000000003,LTE
2310,1622203073.816,-4.45,LTE
2311,1622203073.826,-5.475,LTE
2312,1622203073.836,-5.4750000000000005,LTE
2313,1622203073.846,-3.7,LTE
2314,1622203073.856,-2.7750000000000004,LTE
2315,1622203073.866,-4.825,LTE
2316,1622203073.876,-5.0,LTE
2317,1622203073.886,-4.125,LTE
2318,1622203073.896,-2.95,LTE
2319,1622203073.906,-2.625,LTE
2320,1622203073.916,-2.6000000000000005,LTE
2321,1622203073.926,-1.0999999999999999,LTE
2322,1622203073.937,-1.6749999999999998,LTE
2323,1622203073.946,-1.975,LTE
2324,1622203073.956,-1.775,LTE
2325,1622203073.966,-1.9,LTE
2326,1622203073.976,-0.8250000000000001,LTE
2327,1622203073.986,-0.7,LTE
2328,1622203073.996,-0.875,LTE
2329,1622203074.006,-0.7,LTE
2330,1622203074.016,-0.8250000000000001,LTE
2331,1622203074.026,-1.4,LTE
2332,1622203074.036,-2.5999999999999996,LTE
2333,1622203074.046,-2.6,LTE
2334,1622203074.056,-2.1999999999999997,LTE
2335,1622203074.066,-0.4500000000000002,LTE
2336,1622203074.076,-0.04999999999999982,LTE
2337,1622203074.086,-0.6500000000000004,LTE
2338,1622203074.096,-0.4500000000000002,LTE
2339,1622203074.106,0.2999999999999998,LTE
2340,1622203074.116,-0.5000000000000002,LTE
2341,1622203074.126,-1.8,LTE
2342,1622203074.137,-1.9000000000000001,LTE
2343,1622203074.146,-2.5,LTE
2344,1622203074.156,-2.4,LTE
2345,1622203074.166,-1.4500000000000002,LTE
2346,1622203074.176,-0.22499999999999998,LTE
2347,1622203074.186,-1.1749999999999998,LTE
2348,1622203074.196,-0.675,LTE
2349,1622203074.206,-1.3750000000000002,LTE
2350,1622203074.216,-1.4000000000000001,LTE
2351,1622203074.226,-0.55,LTE
2352,1622203074.236,-0.6999999999999997,LTE
2353,1622203074.246,0.1499999999999999,LTE
2354,1622203074.256,-0.9249999999999999,LTE
2355,1622203074.266,-1.45,LTE
2356,1622203074.276,-2.15,LTE
2357,1622203074.286,-1.9749999999999999,LTE
2358,1622203074.296,-0.6000000000000001,LTE
2359,1622203074.306,-1.7000000000000002,LTE
2360,1622203074.316,-0.3500000000000001,LTE
2361,1622203074.326,-0.5,LTE
2362,1622203074.337,-1.0000000000000002,LTE
2363,1622203074.346,-0.15000000000000036,LTE
2364,1622203074.356,-1.8499999999999999,LTE
2365,1622203074.366,-0.25,LTE
2366,1622203074.376,-0.5,LTE
2367,1622203074.386,0.09999999999999987,LTE
2368,1622203074.396,-1.5,LTE
2369,1622203074.406,-2.15,LTE
2370,1622203074.416,-3.8,LTE
2371,1622203074.426,-3.25,LTE
2372,1622203074.436,-3.6500000000000004,LTE
2373,1622203074.446,-3.1,LTE
2374,1622203074.456,-3.575,LTE
2375,1622203074.466,-4.75,LTE
2376,1622203074.476,-4.375,LTE
2377,1622203074.486,-3.625,LTE
2378,1622203074.496,-3.15,LTE
2379,1622203074.506,-3.0,LTE
2380,1622203074.516,-2.45,LTE
2381,1622203074.526,-2.525,LTE
2382,1622203074.537,-2.3499999999999996,LTE
2383,1622203074.546,-2.8499999999999996,LTE
2384,1622203074.556,-3.1000000000000005,LTE
2385,1622203074.566,-2.4749999999999996,LTE
2386,1622203074.576,-3.6500000000000004,LTE
2387,1622203074.586,-3.0749999999999997,LTE
2388,1622203074.596,-3.325,LTE
2389,1622203074.606,-3.0250000000000004,LTE
2390,1622203074.616,-2.85,LTE
2391,1622203074.626,-4.275,LTE
2392,1622203074.636,-4.425,LTE
2393,1622203074.646,-3.35,LTE
2394,1622203074.656,-3.7,LTE
2395,1622203074.666,-4.6,LTE
2396,1622203074.676,-4.5,LTE
2397,1622203074.686,-4.35,LTE
2398,1622203074.696,-2.425,LTE
2399,1622203074.706,-2.175,LTE
2400,1622203074.716,-3.05,LTE
2401,1622203074.726,-3.5,LTE
2402,1622203074.737,-2.8249999999999997,LTE
2403,1622203074.746,-3.35,LTE
2404,1622203074.756,-4.2,LTE
2405,1622203074.766,-4.275,LTE
2406,1622203074.776,-4.2,LTE
2407,1622203074.786,-4.4,LTE
2408,1622203074.796,-4.199999999999999,LTE
2409,1622203074.806,-3.8000000000000003,LTE
2410,1622203074.816,-4.3,LTE
2411,1622203074.826,-4.2749999999999995,LTE
2412,1622203074.836,-4.525,LTE
2413,1622203074.846,-3.9,LTE
2414,1622203074.856,-3.9000000000000004,LTE
2415,1622203074.866,-5.625,LTE
2416,1622203074.876,-4.975,LTE
2417,1622203074.886,-6.4,LTE
2418,1622203074.897,-4.45,LTE
2419,1622203074.906,-5.9,LTE
2420,1622203074.916,-7.15,LTE
2421,1622203074.926,-7.925,LTE
2422,1622203074.936,-7.699999999999999,LTE
2423,1622203074.946,-6.975,LTE
2424,1622203074.956,-8.225000000000001,LTE
2425,1622203074.966,-6.625,LTE
2426,1622203074.977,-6.75,LTE
2427,1622203074.986,-5.775,LTE
2428,1622203074.996,-6.6,LTE
2429,1622203075.006,-6.225,LTE
2430,1622203075.016,-5.65,LTE
2431,1622203075.026,-5.925,LTE
2432,1622203075.036,-6.300000000000001,LTE
2433,1622203075.046,-4.675,LTE
2434,1622203075.057,-5.574999999999999,LTE
2435,1622203075.066,-6.05,LTE
2436,1622203075.076,-5.95,LTE
2437,1622203075.086,-5.25,LTE
2438,1622203075.096,-5.074999999999999,LTE
2439,1622203075.106,-4.7,LTE
2440,1622203075.116,-6.6,LTE
2441,1622203075.126,-6.449999999999999,LTE
2442,1622203075.137,-5.625,LTE
2443,1622203075.146,-4.75,LTE
2444,1622203075.156,-7.1,LTE
2445,1622203075.166,-5.925,LTE
2446,1622203075.176,-7.775,LTE
2447,1622203075.186,-8.299999999999999,LTE
2448,1622203075.196,-7.475,LTE
2449,1622203075.206,-6.175,LTE
2450,1622203075.217,-7.0,LTE
2451,1622203075.226,-6.25,LTE
2452,1622203075.236,-6.824999999999999,LTE
2453,1622203075.246,-4.324999999999999,LTE
2454,1622203075.256,-5.925000000000001,LTE
2455,1622203075.266,-6.05,LTE
2456,1622203075.276,-7.125000000000001,LTE
2457,1622203075.286,-5.475,LTE
2458,1622203075.296,-7.324999999999999,LTE
2459,1622203075.306,-7.450000000000001,LTE
2460,1622203075.316,-7.574999999999999,LTE
2461,1622203075.326,-7.075,LTE
2462,1622203075.337,-5.699999999999999,LTE
2463,1622203075.346,-4.425000000000001,LTE
2464,1622203075.356,-5.65,LTE
2465,1622203075.366,-5.025,LTE
2466,1622203075.376,-5.949999999999999,LTE
2467,1622203075.386,-5.975,LTE
2468,1622203075.396,-7.975,LTE
2469,1622203075.406,-8.6,LTE
2470,1622203075.417,-6.45,LTE
2471,1622203075.426,-7.85,LTE
2472,1622203075.436,-7.075,LTE
2473,1622203075.446,-7.275,LTE
2474,1622203075.456,-5.975,LTE
2475,1622203075.466,-6.125,LTE
2476,1622203075.476,-7.1,LTE
2477,1622203075.486,-6.8999999999999995,LTE
2478,1622203075.497,-7.424999999999999,LTE
2479,1622203075.506,-7.75,LTE
2480,1622203075.516,-7.575000000000001,LTE
2481,1622203075.526,-8.225,LTE
2482,1622203075.536,-8.95,LTE
2483,1622203075.546,-7.2,LTE
2484,1622203075.556,-7.574999999999999,LTE
2485,1622203075.566,-7.175,LTE
2486,1622203075.576,-7.05,LTE
2487,1622203075.586,-7.375,LTE
2488,1622203075.596,-7.65,LTE
2489,1622203075.606,-6.425000000000001,LTE
2490,1622203075.617,-7.15,LTE
2491,1622203075.626,-8.075,LTE
2492,1622203075.636,-6.625,LTE
2493,1622203075.646,-7.2749999999999995,LTE
2494,1622203075.656,-6.525,LTE
2495,1622203075.666,-6.725,LTE
2496,1622203075.676,-6.1499999999999995,LTE
2497,1622203075.686,-7.875000000000001,LTE
2498,1622203075.697,-6.85,LTE
2499,1622203075.706,-6.924999999999999,LTE
2500,1622203075.716,-6.275,LTE
2501,1622203075.726,-6.074999999999999,LTE
2502,1622203075.736,-7.35,LTE
2503,1622203075.746,-7.125,LTE
2504,1622203075.756,-6.575,LTE
2505,1622203075.766,-8.325,LTE
2506,1622203075.777,-8.025,LTE
2507,1622203075.786,-7.875,LTE
2508,1622203075.796,-8.299999999999999,LTE
2509,1622203075.806,-8.425,LTE
2510,1622203075.816,-8.35,LTE
2511,1622203075.826,-8.675,LTE
2512,1622203075.836,-8.6,LTE
2513,1622203075.846,-7.925000000000001,LTE
2514,1622203075.857,-7.325,LTE
2515,1622203075.866,-6.85,LTE
2516,1622203075.876,-8.4,LTE
2517,1622203075.886,-6.475,LTE
2518,1622203075.896,-7.449999999999999,LTE
2519,1622203075.906,-7.85,LTE
2520,1622203075.916,-8.175,LTE
2521,1622203075.926,-7.925,LTE
2522,1622203075.937,-7.55,LTE
2523,1622203075.946,-7.924999999999999,LTE
2524,1622203075.956,-5.0,LTE
2525,1622203075.966,-5.125,LTE
2526,1622203075.976,-7.35,LTE
2527,1622203075.986,-5.95,LTE
2528,1622203076.002,9.3,LTE
2529,1622203076.056,10.225,LTE
2530,1622203076.066,8.175,LTE
2531,1622203076.076,9.45,LTE
2532,1622203076.086,12.3,LTE
2533,1622203076.096,12.575,LTE
2534,1622203076.126,12.45,LTE
2535,1622203076.137,11.225,LTE
2536,1622203076.146,10.9,LTE
2537,1622203076.156,9.475000000000001,LTE
2538,1622203076.166,9.975,LTE
2539,1622203076.176,10.65,LTE
2540,1622203076.186,10.75,LTE
2541,1622203076.196,10.875,LTE
2542,1622203076.206,10.25,LTE
2543,1622203076.216,10.724999999999998,LTE
2544,1622203076.226,11.100000000000001,LTE
2545,1622203076.236,11.55,LTE
2546,1622203076.246,10.8,LTE
2547,1622203076.256,10.375,LTE
2548,1622203076.266,9.9,LTE
2549,1622203076.276,9.8,LTE
2550,1622203076.307,9.8,LTE
2551,1622203076.316,10.725,LTE
2552,1622203076.326,9.475,LTE
2553,1622203076.337,9.575,LTE
2554,1622203076.346,9.85,LTE
2555,1622203076.356,9.700000000000001,LTE
2556,1622203076.366,9.5,LTE
2557,1622203076.376,9.55,LTE
2558,1622203076.386,9.45,LTE
2559,1622203076.396,9.5,LTE
2560,1622203076.406,10.25,LTE
2561,1622203076.416,10.2,LTE
2562,1622203076.426,10.95,LTE
2563,1622203076.436,10.25,LTE
2564,1622203076.446,10.2,LTE
2565,1622203076.456,8.75,LTE
2566,1622203076.466,8.3,LTE
2567,1622203076.476,8.85,LTE
2568,1622203076.486,8.3,LTE
2569,1622203076.496,8.5,LTE
2570,1622203076.506,7.55,LTE
2571,1622203076.516,7.65,LTE
2572,1622203076.526,7.65,LTE
2573,1622203076.537,7.1000000000000005,LTE
2574,1622203076.546,6.75,LTE
2575,1622203076.556,7.45,LTE
2576,1622203076.566,7.8,LTE
2577,1622203076.576,7.8500000000000005,LTE
2578,1622203076.586,7.800000000000001,LTE
2579,1622203076.596,7.800000000000001,LTE
2580,1622203076.606,8.7,LTE
2581,1622203076.616,9.25,LTE
2582,1622203076.626,8.0,LTE
2583,1622203076.636,8.0,LTE
2584,1622203076.646,8.100000000000001,LTE
2585,1622203076.656,7.1,LTE
2586,1622203076.666,9.350000000000001,LTE
2587,1622203076.676,7.6,LTE
2588,1622203076.686,8.75,LTE
2589,1622203076.696,8.45,LTE
2590,1622203076.706,7.45,LTE
2591,1622203076.716,8.6,LTE
2592,1622203076.726,9.35,LTE
2593,1622203076.737,7.6,LTE
2594,1622203076.746,6.8999999999999995,LTE
2595,1622203076.756,10.7,LTE
2596,1622203076.766,7.45,LTE
2597,1622203076.776,6.8,LTE
2598,1622203076.786,7.5,LTE
2599,1622203076.796,7.75,LTE
2600,1622203076.806,7.85,LTE
2601,1622203076.816,7.7,LTE
2602,1622203076.826,7.3,LTE
2603,1622203076.836,7.95,LTE
2604,1622203076.846,8.05,LTE
2605,1622203076.856,8.35,LTE
2606,1622203076.866,6.8,LTE
2607,1622203076.876,8.25,LTE
2608,1622203076.886,10.75,LTE
2609,1622203076.896,11.5,LTE
2610,1622203076.909,10.95,LTE
2611,1622203076.934,10.65,LTE
2612,1622203076.942,9.95,LTE
2613,1622203076.952,9.600000000000001,LTE
2614,1622203076.974,6.5,LTE
2615,1622203076.982,7.1,LTE
2616,1622203076.992,7.449999999999999,LTE
2617,1622203077.014,7.550000000000001,LTE
2618,1622203077.022,8.55,LTE
2619,1622203077.032,8.4,LTE
2620,1622203077.054,7.699999999999999,LTE
2621,1622203077.062,8.45,LTE
2622,1622203077.072,8.45,LTE
2623,1622203077.094,8.3,LTE
2624,1622203077.102,8.35,LTE
2625,1622203077.112,8.8,LTE
2626,1622203077.134,8.15,LTE
2627,1622203077.142,9.25,LTE
2628,1622203077.152,9.0,LTE
2629,1622203077.174,8.2,LTE
2630,1622203077.182,9.05,LTE
2631,1622203077.192,8.0,LTE
2632,1622203077.214,8.65,LTE
2633,1622203077.222,8.45,LTE
2634,1622203077.232,7.75,LTE
2635,1622203077.254,7.8,LTE
2636,1622203077.262,8.3,LTE
2637,1622203077.272,8.649999999999999,LTE
2638,1622203077.294,10.55,LTE
2639,1622203077.302,9.6,LTE
2640,1622203077.312,9.95,LTE
2641,1622203077.334,10.25,LTE
2642,1622203077.342,10.45,LTE
2643,1622203077.352,10.5,LTE
2644,1622203077.374,10.3,LTE
2645,1622203077.382,11.5,LTE
2646,1622203077.392,10.899999999999999,LTE
2647,1622203077.414,9.9,LTE
2648,1622203077.422,12.0,LTE
2649,1622203077.432,10.2,LTE
2650,1622203077.454,10.5,LTE
2651,1622203077.462,11.8,LTE
2652,1622203077.472,8.95,LTE
2653,1622203077.494,13.95,LTE
2654,1622203077.502,11.5,LTE
2655,1622203077.512,12.8,LTE
2656,1622203077.534,12.350000000000001,LTE
2657,1622203077.542,12.05,LTE
2658,1622203077.552,12.0,LTE
2659,1622203077.574,10.55,LTE
2660,1622203077.582,11.35,LTE
2661,1622203077.592,13.100000000000001,LTE
2662,1622203077.614,11.05,LTE
2663,1622203077.622,11.3,LTE
2664,1622203077.632,11.25,LTE
2665,1622203077.654,13.45,LTE
2666,1622203077.662,12.2,LTE
2667,1622203077.672,10.95,LTE
2668,1622203077.694,10.15,LTE
2669,1622203077.702,9.8,LTE
2670,1622203077.712,11.399999999999999,LTE
2671,1622203077.734,11.5,LTE
2672,1622203077.742,12.35,LTE
2673,1622203077.752,11.9,LTE
2674,1622203077.774,11.6,LTE
2675,1622203077.782,13.0,LTE
2676,1622203077.792,12.05,LTE
2677,1622203077.814,10.649999999999999,LTE
2678,1622203077.822,10.850000000000001,LTE
2679,1622203077.832,10.649999999999999,LTE
2680,1622203077.854,9.1,LTE
2681,1622203077.862,10.65,LTE
2682,1622203077.872,10.7,LTE
2683,1622203077.894,12.600000000000001,LTE
2684,1622203077.902,10.85,LTE
2685,1622203077.912,10.55,LTE
2686,1622203077.934,9.4,LTE
2687,1622203077.942,9.85,LTE
2688,1622203077.952,10.399999999999999,LTE
2689,1622203077.974,9.65,LTE
2690,1622203077.982,10.15,LTE
2691,1622203077.992,9.1,LTE
2692,1622203078.014,9.3,LTE
2693,1622203078.022,9.55,LTE
2694,1622203078.032,9.65,LTE
2695,1622203078.054,9.75,LTE
2696,1622203078.062,10.75,LTE
2697,1622203078.072,10.85,LTE
2698,1622203078.094,11.8,LTE
2699,1622203078.102,10.7,LTE
2700,1622203078.112,10.75,LTE
2701,1622203078.134,9.6,LTE
2702,1622203078.142,10.9,LTE
2703,1622203078.152,11.2,LTE
2704,1622203078.174,10.65,LTE
2705,1622203078.182,11.85,LTE
2706,1622203078.192,12.05,LTE
2707,1622203078.214,10.45,LTE
2708,1622203078.222,12.55,LTE
2709,1622203078.232,13.6,LTE
2710,1622203078.254,12.850000000000001,LTE
2711,1622203078.262,12.3,LTE
2712,1622203078.272,12.350000000000001,LTE
2713,1622203078.294,12.4,LTE
2714,1622203078.302,13.5,LTE
2715,1622203078.312,13.05,LTE
2716,1622203078.334,12.5,LTE
2717,1622203078.342,12.149999999999999,LTE
2718,1622203078.352,10.3,LTE
2719,1622203078.374,10.35,LTE
2720,1622203078.382,10.75,LTE
2721,1622203078.392,12.1,LTE
2722,1622203078.414,12.25,LTE
2723,1622203078.422,12.6,LTE
2724,1622203078.432,11.7,LTE
2725,1622203078.454,14.25,LTE
2726,1622203078.462,13.75,LTE
2727,1622203078.472,12.75,LTE
2728,1622203078.494,13.0,LTE
2729,1622203078.502,13.75,LTE
2730,1622203078.512,12.95,LTE
2731,1622203078.534,9.45,LTE
2732,1622203078.542,10.05,LTE
2733,1622203078.552,9.7,LTE
2734,1622203078.574,10.8,LTE
2735,1622203078.582,11.05,LTE
2736,1622203078.592,10.850000000000001,LTE
2737,1622203078.614,9.05,LTE
2738,1622203078.622,8.8,LTE
2739,1622203078.632,8.3,LTE
2740,1622203078.654,7.6,LTE
2741,1622203078.662,7.800000000000001,LTE
2742,1622203078.672,8.15,LTE
2743,1622203078.694,9.2,LTE
2744,1622203078.702,8.1,LTE
2745,1622203078.712,9.7,LTE
2746,1622203078.734,8.6,LTE
2747,1622203078.742,9.4,LTE
2748,1622203078.752,9.75,LTE
2749,1622203078.774,10.3,LTE
2750,1622203078.782,9.95,LTE
2751,1622203078.792,9.2,LTE
2752,1622203078.814,8.45,LTE
2753,1622203078.822,8.5,LTE
2754,1622203078.832,7.3999999999999995,LTE
2755,1622203078.854,6.7,LTE
2756,1622203078.862,7.4,LTE
2757,1622203078.872,5.9,LTE
2758,1622203078.894,7.25,LTE
2759,1622203078.902,7.6,LTE
2760,1622203078.912,5.3,LTE
2761,1622203078.934,4.95,LTE
2762,1622203078.942,5.2,LTE
2763,1622203078.952,6.1,LTE
2764,1622203078.974,7.5,LTE
2765,1622203078.982,7.9,LTE
2766,1622203078.992,7.449999999999999,LTE
